player_name,club_name,position_name,role,cluster,market_value,market_value_numeric,goals_per_90,expected_goals_per_90,threat,assists_per_90,expected_assists_per_90,creativity,expected_goal_involvements_per_90,influence,tackles_per_90,recoveries_per_90,clearances_blocks_interceptions_per_90,defensive_contribution_per_90
Michael Keane,Everton,DEF,Defensive Core Players,1,€1.00m,1.0,0.10432766615146831,0.08,299.0,0.0347758887171561,0.02,47.4,0.1,770.4,1.2867078825347757,3.025502318392581,9.215610510046368,10.5
Axel Tuanzebe,Burnley,DEF,Defensive Core Players,1,€1.00m,1.0,0.07493755203996669,0.05,52.0,0.0,0.01,11.1,0.06,276.4,1.0491257285595337,2.9975020815986677,7.943380516236469,8.99
Lewis Dunk,Brighton & Hove Albion,DEF,Defensive Core Players,1,€1.50m,1.5,0.031723651744800845,0.06,210.0,0.031723651744800845,0.02,125.5,0.08,649.6,1.1103278110680297,4.282692985548114,6.217835741980966,7.33
Justin Devenny,Crystal Palace,MID,Defensive Core Players,1,€1.50m,1.5,0.11464968152866244,0.27,168.0,0.0,0.04,101.8,0.31,115.0,2.8662420382165608,3.8980891719745228,1.4904458598726116,8.25
Ross Barkley,Aston Villa,MID,Attacking Creators & Finishers,0,€1.50m,1.5,0.31990521327014215,0.17,191.0,0.21327014218009477,0.13,162.3,0.3,227.8,1.4928909952606635,4.798578199052132,1.599526066350711,7.89
Lyle Foster,Burnley,FWD,Defensive Core Players,1,€1.50m,1.5,0.19838354151359294,0.21,262.0,0.1322556943423953,0.02,147.0,0.23,219.0,1.0580455547391625,2.7773695811903014,1.7854518736223366,5.62
Lamare Bogarde,Aston Villa,DEF,Defensive Core Players,1,€1.70m,1.7,0.0,0.0,14.0,0.0,0.02,59.4,0.02,133.0,2.2456813819577737,3.7140115163147795,2.9366602687140118,5.18
Sam Johnstone,Wolverhampton Wanderers,GKP,Goalkeepers,2,€1.80m,1.8,0.0,0.0,0.0,0.0,0.0,0.1,0.0,308.0,0.16666666666666666,8.916666666666666,2.0,0.0
Lewis Cook,AFC Bournemouth,MID,Defensive Core Players,1,€10.00m,10.0,0.0,0.01,12.0,0.10321100917431193,0.05,183.8,0.06,206.8,2.5802752293577984,6.39908256880734,5.779816513761468,14.76
Taiwo Awoniyi,Nottingham Forest,FWD,Attacking Creators & Finishers,0,€10.00m,10.0,0.75,0.69,235.0,0.375,0.14,79.0,0.83,177.2,0.375,3.375,1.125,4.88
Emiliano Buendía,Aston Villa,MID,Attacking Creators & Finishers,0,€10.00m,10.0,0.3080433542498574,0.17,398.0,0.1026811180832858,0.11,402.1,0.28,427.0,2.515687393040502,5.5961209355390755,2.002281802624073,10.11
Konstantinos Mavropanos,West Ham United,DEF,Defensive Core Players,1,€10.00m,10.0,0.1066350710900474,0.09,294.0,0.0,0.02,66.6,0.11,777.2,1.4218009478672986,3.661137440758294,9.703791469194313,11.13
Ryan Sessegnon,Fulham,MID,Defensive Core Players,1,€10.00m,10.0,0.14867841409691632,0.08,229.0,0.14867841409691632,0.09,225.0,0.17,413.8,2.378854625550661,3.6674008810572687,4.757709251101322,10.8
Brenden Aaronson,Leeds United,MID,Attacking Creators & Finishers,0,€10.00m,10.0,0.14699877501020825,0.17,498.0,0.2939975500204165,0.13,486.7,0.3,482.8,1.837484687627603,4.7774601878317675,1.3229889750918742,7.94
Eli Junior Kroupi,AFC Bournemouth,FWD,Attacking Creators & Finishers,0,€10.00m,10.0,0.703547805171377,0.45,563.0,0.0,0.08,306.9,0.53,532.2,0.48707155742633795,3.301262778111846,2.2730006013229103,6.06
Rodrigo Gomes,Wolverhampton Wanderers,DEF,Defensive Core Players,1,€10.00m,10.0,0.2830188679245283,0.2,221.0,0.0,0.04,75.5,0.24,185.6,2.0754716981132075,3.1132075471698113,2.169811320754717,4.25
Rico Henry,Brentford,DEF,Defensive Core Players,1,€10.00m,10.0,0.0,0.01,35.0,0.1361573373676248,0.04,82.0,0.05,151.6,1.021180030257186,4.901664145234493,3.6081694402420577,4.63
Marshall Munetsi,Wolverhampton Wanderers,MID,Defensive Core Players,1,€10.00m,10.0,0.10321100917431193,0.17,196.0,0.20642201834862386,0.04,61.8,0.21,163.6,2.1674311926605507,2.064220183486239,4.025229357798166,8.26
John McGinn,Aston Villa,MID,Attacking Creators & Finishers,0,€10.00m,10.0,0.21067415730337077,0.13,309.0,0.16853932584269662,0.17,605.3,0.3,459.8,1.2219101123595506,3.75,1.348314606741573,6.32
Adrien Truffert,AFC Bournemouth,DEF,Defensive Core Players,1,€10.00m,10.0,0.026642984014209593,0.04,194.0,0.15985790408525755,0.08,574.2,0.12,857.0,2.7175843694493786,5.0088809946714035,5.301953818827709,8.02
Maxim De Cuyper,Brighton & Hove Albion,DEF,Attacking Creators & Finishers,0,€10.00m,10.0,0.12820512820512822,0.11,154.0,0.19230769230769232,0.26,516.6,0.37,327.8,1.4102564102564104,4.3589743589743595,2.6923076923076925,4.1
Harry Wilson,Fulham,MID,Attacking Creators & Finishers,0,€10.00m,10.0,0.3365744203440538,0.2,601.0,0.3029169783096485,0.16,661.1,0.36,707.2,0.9760658189977561,2.7599102468212413,2.2213911742707553,5.96
Jacob Murphy,Newcastle United,MID,Attacking Creators & Finishers,0,€10.00m,10.0,0.16811955168119552,0.17,346.0,0.112079701120797,0.15,393.7,0.32,330.8,0.896637608966376,2.6338729763387296,1.5130759651307597,5.04
Rodri,Manchester City,MID,Defensive Core Players,1,€100.00m,100.0,0.059602649006622516,0.07,122.0,0.059602649006622516,0.15,421.5,0.22,358.0,2.5033112582781456,6.377483443708609,3.3973509933774833,12.28
Daniel James,Leeds United,MID,Defensive Core Players,1,€11.00m,11.0,0.0,0.15,133.0,0.0,0.12,133.1,0.27,70.8,1.1517367458866545,3.126142595978062,1.480804387568556,5.76
Enzo Le Fée,Sunderland,MID,Attacking Creators & Finishers,0,€11.00m,11.0,0.15358361774744025,0.16,324.0,0.18430034129692832,0.18,816.4,0.34,725.8,2.733788395904437,4.699658703071672,2.36518771331058,9.8
Declan Rice,Arsenal FC,MID,Attacking Creators & Finishers,0,€110.00m,110.0,0.11639185257032007,0.09,298.0,0.2618816682832202,0.21,1027.4,0.3,827.2,2.0077594568380213,5.237633365664403,3.6954413191076623,10.94
Jordan Pickford,Everton,GKP,Goalkeepers,2,€12.00m,12.0,0.0,0.0,2.0,0.0,0.01,20.3,0.01,885.2,0.05263157894736842,8.236842105263158,1.368421052631579,0.0
Michael Kayode,Brentford,DEF,Defensive Core Players,1,€12.00m,12.0,0.027624309392265192,0.04,130.0,0.055248618784530384,0.08,470.2,0.12,613.8,1.878453038674033,4.502762430939226,4.171270718232043,6.05
James Garner,Everton,MID,Defensive Core Players,1,€12.00m,12.0,0.0527395253442719,0.06,237.0,0.18458833870495164,0.16,958.0,0.22,887.0,3.138001757984178,4.87840609434515,4.060943451508936,12.08
Igor Thiago,Brentford,FWD,Attacking Creators & Finishers,0,€12.00m,12.0,0.603290676416819,0.56,1170.0,0.027422303473491772,0.05,382.5,0.61,1019.4,1.0146252285191955,2.5502742230347346,2.3034734917733086,5.87
Lesley Ugochukwu,Burnley,MID,Defensive Core Players,1,€12.00m,12.0,0.11587982832618025,0.1,210.0,0.11587982832618025,0.02,181.5,0.12,412.2,1.9699570815450644,3.8626609442060085,2.4334763948497855,8.27
Pascal Struijk,Leeds United,DEF,Defensive Core Players,1,€12.00m,12.0,0.0,0.09,272.0,0.03066439522998296,0.02,161.5,0.11,697.4,1.1959114139693354,3.5877342419080063,7.911413969335604,9.11
Marcus Tavernier,AFC Bournemouth,MID,Attacking Creators & Finishers,0,€12.00m,12.0,0.2306002928257687,0.3,605.0,0.13177159590043924,0.15,816.6,0.45,656.8,1.2847730600292826,4.941434846266471,2.0424597364568085,8.27
Tyler Adams,AFC Bournemouth,MID,Defensive Core Players,1,€12.00m,12.0,0.10175240248728096,0.03,115.0,0.10175240248728096,0.03,158.2,0.06,387.0,2.6964386659129453,4.884115319389486,4.222724703222159,11.8
Jean-Ricner Bellegarde,Wolverhampton Wanderers,MID,Defensive Core Players,1,€12.00m,12.0,0.07263922518159806,0.08,145.0,0.07263922518159806,0.08,210.3,0.16,195.4,2.0338983050847457,3.1961259079903144,2.397094430992736,7.63
Kristoffer Ajer,Brentford,DEF,Defensive Core Players,1,€12.00m,12.0,0.0,0.03,165.0,0.09972299168975068,0.04,59.1,0.07,401.4,1.8448753462603877,2.9418282548476453,7.728531855955678,9.57
Cole Palmer,Chelsea FC,MID,Attacking Creators & Finishers,0,€120.00m,120.0,0.46059365404298874,0.49,547.0,0.09211873080859774,0.11,393.6,0.6,536.6,1.1514841351074718,3.822927328556806,1.2436028659160696,6.22
Alexander Isak,Liverpool FC,FWD,Attacking Creators & Finishers,0,€120.00m,120.0,0.38904899135446686,0.34,191.0,0.12968299711815562,0.01,39.2,0.35,146.4,0.9077809798270893,1.685878962536023,1.296829971181556,3.89
Jake O'Brien,Everton,DEF,Defensive Core Players,1,€13.00m,13.0,0.028864656831302116,0.05,206.0,0.08659397049390635,0.03,282.9,0.08,582.8,1.6452854393842207,3.2905708787684413,5.022450288646568,6.67
Andrew Robertson,Liverpool FC,DEF,Defensive Core Players,1,€13.00m,13.0,0.07725321888412016,0.08,121.0,0.0,0.11,318.8,0.19,239.8,0.927038626609442,3.0901287553648067,3.3218884120171674,4.25
Maxime Estève,Burnley,DEF,Defensive Core Players,1,€14.00m,14.0,0.0,0.02,97.0,0.0,0.02,92.5,0.04,745.4,1.3501534265257416,3.4981247869076033,8.898738493010569,10.25
Chris Rigg,Sunderland,MID,Defensive Core Players,1,€14.00m,14.0,0.11873350923482849,0.1,103.0,0.11873350923482849,0.11,142.8,0.21,114.6,1.5435356200527703,3.4432717678100264,1.7810026385224274,6.77
Jaka Bijol,Leeds United,DEF,Defensive Core Players,1,€14.00m,14.0,0.04766949152542373,0.04,243.0,0.1430084745762712,0.04,84.5,0.08,531.8,1.1917372881355932,3.003177966101695,9.247881355932204,10.44
Nico O'Reilly,Manchester City,DEF,Attacking Creators & Finishers,0,€14.00m,14.0,0.170261066969353,0.21,573.0,0.1362088535754824,0.09,413.9,0.3,653.8,2.28149829738933,3.677639046538025,3.575482406356413,5.86
Florian Wirtz,Liverpool FC,MID,Attacking Creators & Finishers,0,€140.00m,140.0,0.18955349620893008,0.26,665.0,0.15164279696714406,0.19,908.2,0.45,526.4,1.2889637742207245,4.397641112047178,0.9856781802864364,6.67
Robert Sánchez,Chelsea FC,GKP,Goalkeepers,2,€15.00m,15.0,0.0,0.0,0.0,0.029605263157894735,0.0,50.0,0.0,822.2,0.05921052631578947,8.94078947368421,0.7993421052631579,0.0
Vitaly Janelt,Brentford,MID,Defensive Core Players,1,€15.00m,15.0,0.06276150627615062,0.05,97.0,0.2510460251046025,0.14,351.8,0.19,350.4,1.6945606694560669,5.334728033472803,4.456066945606694,11.49
Olivier Boscagli,Brighton & Hove Albion,DEF,Defensive Core Players,1,€15.00m,15.0,0.0,0.01,12.0,0.11264080100125155,0.05,82.2,0.06,215.6,1.8022528160200249,6.0826032540675845,6.983729662077597,8.79
Emmanuel Agbadou,Wolverhampton Wanderers,DEF,Defensive Core Players,1,€15.00m,15.0,0.0,0.05,75.0,0.0,0.03,76.0,0.08,312.2,2.618181818181818,5.318181818181818,7.609090909090909,10.23
Ethan Ampadu,Leeds United,MID,Defensive Core Players,1,€15.00m,15.0,0.028855402372555305,0.07,166.0,0.11542160949022122,0.06,384.8,0.13,592.2,2.33728759217698,5.3093940365501755,4.357165758255851,12.0
Alex Scott,AFC Bournemouth,MID,Defensive Core Players,1,€15.00m,15.0,0.09480337078651685,0.12,314.0,0.06320224719101124,0.09,482.0,0.21,597.2,1.896067415730337,6.099016853932584,4.202949438202247,12.2
Rodrigo Muniz,Fulham,FWD,Defensive Core Players,1,€15.00m,15.0,0.0911854103343465,0.3,287.0,0.0911854103343465,0.01,93.2,0.31,113.2,0.729483282674772,1.3677811550151975,2.6443768996960486,4.74
Caoimhín Kelleher,Brentford,GKP,Goalkeepers,2,€15.00m,15.0,0.0,0.0,0.0,0.0,0.01,23.0,0.01,913.8,0.02702702702702703,8.135135135135135,1.2972972972972974,0.0
Dean Henderson,Crystal Palace,GKP,Goalkeepers,2,€15.00m,15.0,0.0,0.0,0.0,0.0,0.0,10.0,0.0,837.8,0.02702702702702703,8.054054054054054,1.4864864864864864,0.0
Kiernan Dewsbury-Hall,Everton,MID,Attacking Creators & Finishers,0,€15.00m,15.0,0.2738683910232027,0.15,438.0,0.2396348421453024,0.18,601.1,0.33,619.4,1.7801445416508177,4.587295549638646,1.506276150627615,7.87
Bukayo Saka,Arsenal FC,MID,Attacking Creators & Finishers,0,€150.00m,150.0,0.2840396753832281,0.31,828.0,0.40577096483318303,0.29,847.6,0.6,627.0,1.6230838593327321,4.706943192064923,1.1361587015329124,7.47
Lukas Nmecha,Leeds United,FWD,Attacking Creators & Finishers,0,€150k,,0.5070422535211268,0.61,434.0,0.08450704225352113,0.13,153.5,0.74,290.4,1.0140845070422535,2.5352112676056335,1.2676056338028168,4.82
James Hill,AFC Bournemouth,DEF,Defensive Core Players,1,€150k,,0.0,0.04,119.0,0.12844909609895339,0.05,161.7,0.09,579.4,1.669838249286394,3.168411037107517,9.462416745956233,11.13
Joe Gomez,Liverpool FC,DEF,Defensive Core Players,1,€16.00m,16.0,0.0,0.04,31.0,0.30303030303030304,0.1,77.8,0.14,122.8,1.5151515151515151,3.0303030303030303,5.454545454545455,6.97
Sean Longstaff,Leeds United,MID,Defensive Core Players,1,€16.00m,16.0,0.1794616151545364,0.11,116.0,0.1794616151545364,0.17,403.7,0.28,291.8,3.4097706879361915,3.8584247258225326,2.602193419740778,9.87
Wilson Odobert,Tottenham Hotspur,MID,Defensive Core Players,1,€16.00m,16.0,0.0,0.18,234.0,0.18518518518518517,0.11,284.3,0.29,158.8,0.9259259259259258,4.907407407407407,1.2962962962962963,7.13
Djed Spence,Tottenham Hotspur,DEF,Defensive Core Players,1,€16.00m,16.0,0.0,0.04,207.0,0.0,0.08,209.7,0.12,291.0,1.9326500732064422,4.919472913616398,3.162518301610542,5.1
Richarlison,Tottenham Hotspur,FWD,Attacking Creators & Finishers,0,€16.00m,16.0,0.5066530194472876,0.4,815.0,0.18423746161719548,0.07,239.6,0.47,602.6,1.2436028659160696,2.763561924257932,2.763561924257932,6.77
Habib Diarra,Sunderland,MID,Attacking Creators & Finishers,0,€18.00m,18.0,0.12829650748396293,0.21,234.0,0.38488952245188884,0.05,153.8,0.26,166.2,0.8980755523877406,3.0791161796151107,1.090520313613685,5.07
Crysencio Summerville,West Ham United,MID,Attacking Creators & Finishers,0,€18.00m,18.0,0.18218623481781376,0.2,546.0,0.14574898785425103,0.12,460.9,0.32,445.8,1.639676113360324,4.372469635627531,1.8218623481781377,7.83
Leandro Trossard,Arsenal FC,MID,Attacking Creators & Finishers,0,€18.00m,18.0,0.2704056084126189,0.25,541.0,0.2704056084126189,0.16,545.5,0.41,494.0,1.2168252378567852,3.605408112168252,1.171757636454682,5.99
Marcos Senesi,AFC Bournemouth,DEF,Defensive Core Players,1,€18.00m,18.0,0.0,0.04,201.0,0.1642335766423358,0.13,367.8,0.17,1114.4,1.697080291970803,4.242700729927008,9.771897810218979,11.47
Iliman Ndiaye,Everton,MID,Attacking Creators & Finishers,0,€18.00m,18.0,0.1941747572815534,0.22,578.0,0.0970873786407767,0.14,479.2,0.36,605.8,2.168284789644013,5.760517799352751,1.2297734627831716,9.16
Wilfried Gnonto,Leeds United,MID,Defensive Core Players,1,€18.00m,18.0,0.0,0.07,61.0,0.5182341650671786,0.13,129.3,0.2,85.2,3.109404990403071,4.491362763915547,2.5911708253358925,10.19
Joe Willock,Newcastle United,MID,Defensive Core Players,1,€18.00m,18.0,0.0,0.12,204.0,0.18518518518518517,0.1,205.8,0.22,145.4,1.8518518518518516,4.814814814814815,1.574074074074074,8.24
Erling Haaland,Manchester City,FWD,Attacking Creators & Finishers,0,€180.00m,180.0,0.822891974263461,0.78,1520.0,0.24381984422621064,0.08,320.1,0.86,1180.4,0.45716220792414497,1.2495767016593295,1.462919065357264,3.17
Dan Burn,Newcastle United,DEF,Defensive Core Players,1,€2.00m,2.0,0.04100227790432802,0.04,186.0,0.12300683371298406,0.01,107.3,0.05,525.8,1.6400911161731206,3.1161731207289294,7.585421412300684,9.23
Bashir Humphreys,Burnley,DEF,Defensive Core Players,1,€2.00m,2.0,0.0,0.02,101.0,0.11435832274459976,0.04,135.6,0.06,379.0,1.5438373570520967,3.9453621346886916,6.518424396442186,8.06
Zian Flemming,Burnley,FWD,Attacking Creators & Finishers,0,€2.00m,2.0,0.5612244897959183,0.41,533.0,0.0,0.02,159.5,0.43,466.0,0.8673469387755102,1.683673469387755,2.5,5.05
Josh Cullen,Burnley,MID,Defensive Core Players,1,€2.00m,2.0,0.11896893588896233,0.06,98.0,0.11896893588896233,0.08,218.1,0.14,342.0,1.9035029742233973,4.342366159947125,4.044943820224719,10.29
Fabian Schär,Newcastle United,DEF,Defensive Core Players,1,€2.50m,2.5,0.0,0.08,108.0,0.0,0.05,63.6,0.13,291.2,1.15702479338843,3.4710743801652892,8.347107438016529,9.5
William Osula,Newcastle United,FWD,Attacking Creators & Finishers,0,€2.50m,2.5,0.782608695652174,0.48,284.0,0.11180124223602485,0.07,82.6,0.55,256.6,0.670807453416149,2.571428571428571,0.2236024844720497,3.47
Will Hughes,Crystal Palace,MID,Defensive Core Players,1,€2.50m,2.5,0.0,0.06,90.0,0.057692307692307696,0.11,322.9,0.17,198.0,1.6153846153846154,3.807692307692308,3.1153846153846154,8.54
Matz Sels,Nottingham Forest,GKP,Goalkeepers,2,€2.50m,2.5,0.0,0.0,0.0,0.0,0.0,10.0,0.0,730.0,0.03374578177727784,6.647919010123735,0.8773903262092239,0.0
Ismaïla Sarr,Crystal Palace,MID,Attacking Creators & Finishers,0,€20.00m,20.0,0.37275655775425676,0.45,601.0,0.08283479061205706,0.05,269.4,0.5,479.8,0.7455131155085135,3.2719742291762537,1.6566958122411413,5.67
Matty Cash,Aston Villa,DEF,Defensive Core Players,1,€20.00m,20.0,0.08952254641909814,0.03,221.0,0.08952254641909814,0.09,510.7,0.12,643.0,1.969496021220159,2.625994694960212,3.5809018567639255,5.55
Virgil van Dijk,Liverpool FC,DEF,Defensive Core Players,1,€20.00m,20.0,0.15789473684210525,0.1,490.0,0.02631578947368421,0.04,215.9,0.14,1169.4,0.6052631578947368,2.289473684210526,8.657894736842104,9.26
Aaron Wan-Bissaka,West Ham United,DEF,Defensive Core Players,1,€20.00m,20.0,0.0,0.0,30.0,0.12980769230769232,0.04,305.6,0.04,432.0,1.4278846153846154,3.245192307692308,6.100961538461538,7.53
Ola Aina,Nottingham Forest,DEF,Defensive Core Players,1,€20.00m,20.0,0.0,0.02,58.0,0.11342155009451796,0.05,160.3,0.07,285.2,1.7580340264650285,4.593572778827977,5.614366729678639,7.37
Keane Lewis-Potter,Brentford,DEF,Attacking Creators & Finishers,0,€20.00m,20.0,0.1377551020408163,0.14,353.0,0.18367346938775508,0.12,332.2,0.26,378.2,1.0561224489795917,4.408163265306122,2.3418367346938775,3.4
Wesley Fofana,Chelsea FC,DEF,Defensive Core Players,1,€20.00m,20.0,0.0,0.04,74.0,0.10477299185098952,0.03,65.6,0.07,463.6,0.9953434225844005,4.243306169965075,9.79627473806752,10.79
Trevoh Chalobah,Chelsea FC,DEF,Defensive Core Players,1,€20.00m,20.0,0.09712230215827337,0.05,160.0,0.03237410071942446,0.03,111.2,0.08,719.2,1.1330935251798562,3.852517985611511,7.446043165467626,8.58
Donyell Malen,Aston Villa,MID,Attacking Creators & Finishers,0,€20.00m,20.0,0.5625,0.57,290.0,0.28125,0.05,99.7,0.62,183.4,0.5625,1.40625,0.28125,2.25
Daniel Muñoz,Crystal Palace,DEF,Defensive Core Players,1,€20.00m,20.0,0.15,0.09,404.0,0.15,0.15,396.6,0.24,595.0,2.6999999999999997,3.6374999999999997,4.6499999999999995,7.35
Maxence Lacroix,Crystal Palace,DEF,Defensive Core Players,1,€20.00m,20.0,0.029173419773095625,0.07,316.0,0.05834683954619125,0.02,106.4,0.09,822.0,1.7504051863857375,2.8006482982171796,9.043760129659644,10.79
Mats Wieffer,Brighton & Hove Albion,MID,Defensive Core Players,1,€20.00m,20.0,0.09468700683850605,0.09,209.0,0.1893740136770121,0.09,291.1,0.18,477.0,3.124671225670699,4.8290373487638085,4.781693845344555,12.74
Brajan Gruda,Brighton & Hove Albion,MID,Defensive Core Players,1,€20.00m,20.0,0.1271186440677966,0.24,152.0,0.1271186440677966,0.11,217.1,0.35,134.4,1.7796610169491527,5.084745762711865,0.5084745762711864,7.37
Jack Hinshelwood,Brighton & Hove Albion,MID,Attacking Creators & Finishers,0,€20.00m,20.0,0.20737327188940094,0.26,412.0,0.25921658986175117,0.12,228.0,0.38,312.6,0.9331797235023042,3.1624423963133643,1.8145161290322582,5.91
Ibrahim Sangaré,Nottingham Forest,MID,Defensive Core Players,1,€20.00m,20.0,0.08683068017366136,0.05,126.0,0.08683068017366136,0.08,205.9,0.13,434.4,2.5180897250361793,4.949348769898697,4.124457308248914,11.59
Tyrick Mitchell,Crystal Palace,DEF,Defensive Core Players,1,€20.00m,20.0,0.027666769136181987,0.04,241.0,0.08300030740854596,0.07,467.3,0.11,649.0,2.7666769136181983,5.173685828466031,4.011681524746388,6.78
Sander Berge,Fulham,MID,Defensive Core Players,1,€20.00m,20.0,0.0,0.05,105.0,0.09297520661157026,0.05,365.1,0.1,437.8,1.7665289256198347,4.090909090909091,2.8202479338842976,8.68
Nathan Aké,Manchester City,DEF,Defensive Core Players,1,€22.00m,22.0,0.0,0.09,78.0,0.0,0.07,111.7,0.16,132.4,1.1807580174927115,2.230320699708455,4.854227405247814,6.03
Joachim Andersen,Fulham,DEF,Defensive Core Players,1,€22.00m,22.0,0.0,0.04,148.0,0.03122831367106176,0.06,131.0,0.1,790.6,1.4052741151977792,3.5600277585010405,8.86884108258154,10.27
Yves Bissouma,Tottenham Hotspur,MID,Defensive Core Players,1,€22.00m,22.0,0.0,0.05,23.0,0.0,0.02,25.5,0.07,89.6,2.6999999999999997,4.5,3.9,11.1
Callum Hudson-Odoi,Nottingham Forest,MID,Attacking Creators & Finishers,0,€22.00m,22.0,0.14689880304679,0.14,330.0,0.19586507072905332,0.15,611.7,0.29,366.6,0.6855277475516867,3.329706202393907,1.17519042437432,5.19
Jadon Sancho,Aston Villa,MID,Attacking Creators & Finishers,0,€23.00m,23.0,0.0,0.06,193.0,0.2085747392815759,0.2,290.6,0.26,130.2,0.7300115874855156,2.7114716106604866,1.1471610660486675,4.59
Mason Mount,Manchester United,MID,Defensive Core Players,1,€24.00m,24.0,0.26732673267326734,0.14,165.0,0.0,0.14,214.1,0.28,201.2,2.1386138613861387,5.257425742574258,1.6930693069306932,9.09
Alex Iwobi,Fulham,MID,Attacking Creators & Finishers,0,€24.00m,24.0,0.1487603305785124,0.07,343.0,0.1115702479338843,0.17,739.4,0.24,511.2,1.0041322314049586,4.68595041322314,1.3016528925619835,6.99
Mikkel Damsgaard,Brentford,MID,Attacking Creators & Finishers,0,€24.00m,24.0,0.1759530791788856,0.11,326.0,0.1759530791788856,0.24,691.3,0.35,530.6,2.5073313782991202,6.114369501466276,1.9794721407624634,10.6
Guglielmo Vicario,Tottenham Hotspur,GKP,Goalkeepers,2,€25.00m,25.0,0.0,0.0,0.0,0.0,0.0,10.1,0.0,709.2,0.03225806451612903,7.967741935483871,1.1290322580645162,0.0
Dango Ouattara,Brentford,MID,Attacking Creators & Finishers,0,€25.00m,25.0,0.2774108322324967,0.31,702.0,0.31704095112285335,0.16,422.8,0.47,509.8,0.9511228533685601,3.368560105680317,3.011889035667107,7.33
Rodrigo Bentancur,Tottenham Hotspur,MID,Defensive Core Players,1,€25.00m,25.0,0.047872340425531915,0.03,124.0,0.047872340425531915,0.04,197.8,0.07,349.0,2.6808510638297873,6.2712765957446805,4.3563829787234045,13.31
Simon Adingra,Sunderland,MID,Defensive Core Players,1,€25.00m,25.0,0.1386748844375963,0.05,75.0,0.1386748844375963,0.09,116.8,0.14,81.4,1.5254237288135593,2.9121725731895225,1.802773497688752,6.24
Giorgi Mamardashvili,Liverpool FC,GKP,Goalkeepers,2,€25.00m,25.0,0.0,0.0,0.0,0.0,0.0,0.0,0.0,275.6,0.10380622837370243,7.889273356401384,1.0380622837370244,0.0
Conor Bradley,Liverpool FC,DEF,Defensive Core Players,1,€25.00m,25.0,0.0,0.02,62.0,0.1939655172413793,0.08,105.2,0.1,157.4,1.8426724137931034,4.170258620689655,4.461206896551724,6.3
Joshua Zirkzee,Manchester United,FWD,Attacking Creators & Finishers,0,€25.00m,25.0,0.29654036243822074,0.41,245.0,0.14827018121911037,0.05,177.7,0.46,164.4,1.3344316309719935,3.113673805601318,2.0757825370675453,6.52
Toti,Wolverhampton Wanderers,DEF,Defensive Core Players,1,€25.00m,25.0,0.0,0.03,73.0,0.0,0.02,92.7,0.05,349.0,1.454673225579761,3.3520730850316234,7.589599437807449,9.04
Reece James,Chelsea FC,DEF,Defensive Core Players,1,€25.00m,25.0,0.09197751660705161,0.05,116.0,0.27593254982115484,0.15,483.7,0.2,459.0,2.2074603985692387,4.644864588656106,3.6791006642820645,5.89
Yankuba Minteh,Brighton & Hove Albion,MID,Attacking Creators & Finishers,0,€25.00m,25.0,0.11301799916282963,0.14,617.0,0.30138133110087906,0.19,691.4,0.33,491.8,2.109669317706153,3.6165759732105482,1.243197990791126,6.97
Ian Maatsen,Aston Villa,DEF,Defensive Core Players,1,€25.00m,25.0,0.0,0.07,231.0,0.056603773584905655,0.14,373.4,0.21,336.6,2.433962264150943,4.641509433962264,4.811320754716981,7.25
Emile Smith Rowe,Fulham,MID,Defensive Core Players,1,€25.00m,25.0,0.14143530644316396,0.22,404.0,0.047145102147721316,0.05,330.0,0.27,291.6,1.650078575170246,3.3473022524882134,1.9800942902042953,6.98
Jack Grealish,Everton,MID,Attacking Creators & Finishers,0,€25.00m,25.0,0.11063306699446834,0.11,397.0,0.33189920098340503,0.19,520.5,0.3,374.2,1.1063306699446833,4.867854947756607,1.4935464044253226,7.47
Diogo Dalot,Manchester United,DEF,Defensive Core Players,1,€25.00m,25.0,0.03449597546952856,0.07,202.0,0.20697585281717135,0.09,458.5,0.16,535.8,1.8282866998850136,4.656956688386355,4.380988884630127,6.21
Jean-Philippe Mateta,Crystal Palace,FWD,Attacking Creators & Finishers,0,€25.00m,25.0,0.48868778280542985,0.59,786.0,0.0,0.05,160.6,0.64,567.2,0.4072398190045249,2.3212669683257916,2.3619909502262444,5.09
Bart Verbruggen,Brighton & Hove Albion,GKP,Goalkeepers,2,€25.00m,25.0,0.0,0.0,0.0,0.0,0.0,10.0,0.0,935.0,0.02631578947368421,8.736842105263158,0.8421052631578947,0.0
Leon Bailey,Aston Villa,MID,Attacking Creators & Finishers,0,€25.00m,25.0,0.0,0.1,69.0,0.4,0.29,160.4,0.39,71.2,2.0,6.2,1.4,9.6
Jørgen Strand Larsen,Crystal Palace,FWD,Attacking Creators & Finishers,0,€25.00m,25.0,0.15645371577574968,0.21,469.0,0.03911342894393742,0.04,203.1,0.25,265.2,0.3520208604954368,1.4471968709256846,1.9165580182529336,3.72
Nathan Collins,Brentford,DEF,Defensive Core Players,1,€25.00m,25.0,0.030292830696735103,0.07,325.0,0.06058566139347021,0.05,143.8,0.12,848.6,0.9693705822955233,4.210703466846179,8.694042409962975,9.66
Kevin Schade,Brentford,MID,Attacking Creators & Finishers,0,€25.00m,25.0,0.2623906705539359,0.4,821.0,0.16399416909620992,0.07,380.1,0.47,536.8,1.3775510204081634,3.0830903790087465,1.771137026239067,6.23
Elliot Anderson,Nottingham Forest,MID,Defensive Core Players,1,€27.00m,27.0,0.10804321728691475,0.08,310.0,0.13505402160864344,0.13,961.5,0.21,915.2,2.782112845138055,8.26530612244898,2.863145258103241,13.91
Matheus Nunes,Manchester City,DEF,Defensive Core Players,1,€28.00m,28.0,0.03145753233135268,0.01,131.0,0.2516602586508214,0.07,545.0,0.08,696.0,1.7930793428871026,5.221950367004544,4.341139461726669,6.13
Justin Kluivert,AFC Bournemouth,MID,Attacking Creators & Finishers,0,€28.00m,28.0,0.19047619047619047,0.22,135.0,0.0,0.15,305.1,0.37,148.0,0.9523809523809523,4.380952380952381,0.8571428571428571,6.19
Rayan Aït-Nouri,Manchester City,DEF,Defensive Core Players,1,€28.00m,28.0,0.0,0.05,90.0,0.1853759011328527,0.19,216.4,0.24,195.6,3.2440782698249224,4.541709577754892,2.9660144181256434,6.21
Jan Paul van Hecke,Brighton & Hove Albion,DEF,Defensive Core Players,1,€28.00m,28.0,0.08411214953271029,0.09,295.0,0.08411214953271029,0.04,240.4,0.13,980.6,1.485981308411215,3.168224299065421,7.4018691588785055,8.89
Yoane Wissa,Newcastle United,FWD,Attacking Creators & Finishers,0,€28.00m,28.0,0.17408123791102514,0.54,163.0,0.17408123791102514,0.09,46.7,0.63,58.0,0.8704061895551257,2.4371373307543522,0.5222437137330754,3.83
Lewis Hall,Newcastle United,DEF,Defensive Core Players,1,€28.00m,28.0,0.04136029411764706,0.04,196.0,0.08272058823529412,0.11,433.6,0.15,550.2,2.233455882352941,5.542279411764706,4.921875,7.16
Abdukodir Khusanov,Manchester City,DEF,Defensive Core Players,1,€28.00m,28.0,0.0,0.04,26.0,0.0,0.08,112.2,0.12,299.0,1.7028731604765242,4.7302032235459,6.054660126138752,7.76
Daniel Ballard,Sunderland,DEF,Defensive Core Players,1,€3.00m,3.0,0.08395522388059701,0.1,370.0,0.08395522388059701,0.03,181.2,0.13,662.8,1.3852611940298507,2.8964552238805967,9.696828358208956,11.08
James Ward-Prowse,Burnley,MID,Defensive Core Players,1,€3.50m,3.5,0.0,0.02,22.0,0.08241758241758242,0.15,384.4,0.17,215.0,1.3186813186813187,4.038461538461538,3.6263736263736264,8.98
Antonee Robinson,Fulham,DEF,Defensive Core Players,1,€30.00m,30.0,0.0605245460659045,0.06,82.0,0.0,0.1,334.6,0.16,375.0,2.9051782111634163,5.931405514458642,5.326160053799597,8.23
Riccardo Calafiori,Arsenal FC,DEF,Defensive Core Players,1,€30.00m,30.0,0.05303476723629936,0.18,313.0,0.10606953447259872,0.04,182.3,0.22,283.0,1.6971125515615795,3.924572775486152,3.712433706540955,5.41
Malo Gusto,Chelsea FC,DEF,Defensive Core Players,1,€30.00m,30.0,0.07982261640798226,0.06,205.0,0.11973392461197338,0.12,448.5,0.18,443.6,2.0753880266075386,4.909090909090909,2.9534368070953434,5.03
Harvey Barnes,Newcastle United,MID,Attacking Creators & Finishers,0,€30.00m,30.0,0.3229113275243465,0.32,682.0,0.046130189646335217,0.13,387.5,0.45,404.0,0.5996924654023578,3.0907227063044593,0.9226037929267042,4.61
Evanilson,AFC Bournemouth,FWD,Attacking Creators & Finishers,0,€30.00m,30.0,0.19700839109813936,0.35,809.0,0.22984312294782927,0.05,397.9,0.4,350.6,0.4268515140459686,2.6267785479751917,1.3790587376869756,4.43
Mikel Merino,Arsenal FC,MID,Attacking Creators & Finishers,0,€30.00m,30.0,0.3515625,0.3,244.0,0.263671875,0.13,191.8,0.43,304.4,2.28515625,5.009765625,2.63671875,9.93
Mathys Tel,Tottenham Hotspur,MID,Attacking Creators & Finishers,0,€30.00m,30.0,0.2698650674662669,0.17,312.0,0.13493253373313344,0.16,457.2,0.33,303.4,1.3493253373313343,4.857571214392803,1.2818590704647677,7.49
Nikola Milenković,Nottingham Forest,DEF,Defensive Core Players,1,€30.00m,30.0,0.0,0.02,120.0,0.02666666666666667,0.02,66.9,0.04,680.4,0.8,2.8533333333333335,7.493333333333333,8.29
Ezri Konsa,Aston Villa,DEF,Defensive Core Players,1,€30.00m,30.0,0.0,0.04,124.0,0.029654036243822075,0.02,108.3,0.06,601.4,0.6523887973640857,3.202635914332784,5.159802306425041,5.81
Marc Cucurella,Chelsea FC,DEF,Defensive Core Players,1,€30.00m,30.0,0.03325942350332594,0.08,309.0,0.13303769401330376,0.11,577.8,0.19,562.8,1.829268292682927,3.7583148558758315,4.223946784922394,6.05
Youri Tielemans,Aston Villa,MID,Defensive Core Players,1,€32.00m,32.0,0.0,0.06,184.0,0.1938610662358643,0.16,513.6,0.22,432.0,2.8109854604200324,4.555735056542811,2.47172859450727,9.84
Bernardo Silva,Manchester City,MID,Defensive Core Players,1,€32.00m,32.0,0.06273963053328686,0.09,353.0,0.12547926106657373,0.13,809.0,0.22,514.0,1.6939700243987452,4.579993028929941,1.9449285465318926,8.22
Archie Gray,Tottenham Hotspur,MID,Defensive Core Players,1,€32.00m,32.0,0.12236573759347383,0.09,158.0,0.12236573759347383,0.08,138.1,0.17,259.4,0.6730115567641061,3.426240652617267,3.9768864717878993,8.08
Pedro Porro,Tottenham Hotspur,DEF,Defensive Core Players,1,€35.00m,35.0,0.032223415682062294,0.03,202.0,0.09667024704618689,0.14,881.7,0.17,690.2,2.4489795918367347,4.253490870032223,4.575725026852846,7.02
Dominic Solanke,Tottenham Hotspur,FWD,Defensive Core Players,1,€35.00m,35.0,0.2708124373119358,0.27,339.0,0.0,0.03,84.1,0.3,205.0,1.9859578736208627,2.978936810431294,1.444332998996991,6.41
Lucas Bergvall,Tottenham Hotspur,MID,Defensive Core Players,1,€35.00m,35.0,0.09424083769633508,0.12,147.0,0.28272251308900526,0.04,106.4,0.16,164.6,2.073298429319372,3.675392670157068,1.6963350785340314,7.45
Tino Livramento,Newcastle United,DEF,Defensive Core Players,1,€35.00m,35.0,0.0,0.01,42.0,0.06787330316742082,0.06,199.7,0.07,219.4,1.493212669683258,5.497737556561086,3.1221719457013575,4.62
Jarrod Bowen,West Ham United,FWD,Attacking Creators & Finishers,0,€35.00m,35.0,0.23781561949500882,0.19,813.0,0.3435114503816794,0.14,694.0,0.33,881.4,1.2947739283617148,4.201409277745156,1.9289489136817382,7.43
Liam Delap,Chelsea FC,FWD,Attacking Creators & Finishers,0,€35.00m,35.0,0.08241758241758242,0.37,349.0,0.16483516483516483,0.02,73.7,0.39,67.8,0.4120879120879121,2.0604395604395607,0.989010989010989,3.46
Noni Madueke,Arsenal FC,MID,Attacking Creators & Finishers,0,€35.00m,35.0,0.22406639004149376,0.09,404.0,0.07468879668049792,0.21,352.8,0.3,257.4,1.5684647302904564,2.6141078838174274,1.045643153526971,5.23
Boubacar Kamara,Aston Villa,MID,Defensive Core Players,1,€35.00m,35.0,0.06382978723404256,0.03,75.0,0.19148936170212766,0.05,241.3,0.08,325.0,2.425531914893617,4.1489361702127665,2.9361702127659575,9.51
Antoine Semenyo,Manchester City,MID,Attacking Creators & Finishers,0,€35.00m,35.0,0.47812499999999997,0.31,1047.0,0.16874999999999998,0.09,607.4,0.4,923.2,1.265625,3.99375,1.378125,6.64
Ollie Watkins,Aston Villa,FWD,Attacking Creators & Finishers,0,€35.00m,35.0,0.5082950935404165,0.49,1206.0,0.12707377338510412,0.04,330.9,0.53,720.2,0.6989057536180727,1.5566537239675255,0.7306741969643488,2.99
Lisandro Martínez,Manchester United,DEF,Defensive Core Players,1,€35.00m,35.0,0.0,0.01,19.0,0.0,0.04,94.9,0.05,302.8,1.3913751017087064,4.979658258746949,6.297803091944671,7.69
Brennan Johnson,Crystal Palace,MID,Defensive Core Players,1,€38.00m,38.0,0.10526315789473684,0.13,230.0,0.05263157894736842,0.07,311.1,0.2,223.4,1.5263157894736843,2.8947368421052633,1.9473684210526316,6.37
Destiny Udogie,Tottenham Hotspur,DEF,Defensive Core Players,1,€38.00m,38.0,0.0,0.01,103.0,0.06741573033707865,0.05,187.0,0.06,207.2,2.089887640449438,4.719101123595506,2.49438202247191,4.58
Sven Botman,Newcastle United,DEF,Defensive Core Players,1,€38.00m,38.0,0.04907306434023992,0.08,190.0,0.04907306434023992,0.04,85.8,0.12,597.0,1.0305343511450382,4.367502726281352,9.569247546346784,10.6
Yerson Mosquera,Wolverhampton Wanderers,DEF,Defensive Core Players,1,€4.00m,4.0,0.0,0.11,268.0,0.0,0.03,140.4,0.14,426.0,2.526906878802059,3.9167056621431917,6.696303228825457,9.22
Nick Pope,Newcastle United,GKP,Goalkeepers,2,€4.00m,4.0,0.0,0.01,35.0,0.03725165562913907,0.0,0.0,0.01,671.0,0.03725165562913907,9.461920529801324,1.3038079470198676,0.0
Jayden Bogle,Leeds United,DEF,Defensive Core Players,1,€4.00m,4.0,0.032200357781753126,0.07,218.0,0.16100178890876565,0.1,346.1,0.17,436.0,2.1252236135957063,4.282647584973166,3.6064400715563503,5.73
Alphonse Areola,West Ham United,GKP,Goalkeepers,2,€4.00m,4.0,0.0,0.0,0.0,0.05,0.0,10.0,0.0,570.4,0.0,7.1,1.5,0.0
Jaidon Anthony,Burnley,MID,Attacking Creators & Finishers,0,€4.00m,4.0,0.26499815973500185,0.17,619.0,0.13249907986750092,0.09,552.2,0.26,586.8,1.3912403386087595,4.670592565329407,1.6231137283768862,7.68
Josh Acheampong,Chelsea FC,DEF,Defensive Core Players,1,€4.00m,4.0,0.136986301369863,0.08,70.0,0.0,0.02,40.9,0.1,132.6,1.5068493150684932,3.5616438356164384,4.52054794520548,6.03
Tim Iroegbunam,Everton,MID,Defensive Core Players,1,€4.50m,4.5,0.0,0.03,81.0,0.18280297901150983,0.04,125.2,0.07,255.0,4.143534190927555,4.752877454299255,2.6201760324983074,11.52
James Tarkowski,Everton,DEF,Defensive Core Players,1,€4.50m,4.5,0.05405405405405406,0.07,422.0,0.08108108108108109,0.06,235.6,0.13,995.6,1.3783783783783783,2.4324324324324325,8.783783783783784,10.16
Mohammed Kudus,Tottenham Hotspur,MID,Attacking Creators & Finishers,0,€40.00m,40.0,0.11726384364820845,0.11,302.0,0.3517915309446254,0.14,413.8,0.25,333.4,1.7003257328990227,5.570032573289902,0.527687296416938,7.8
Manuel Ugarte,Manchester United,MID,Defensive Core Players,1,€40.00m,40.0,0.0,0.07,48.0,0.0,0.02,83.6,0.09,167.2,4.726027397260275,5.239726027397261,4.623287671232877,14.59
Curtis Jones,Liverpool FC,MID,Defensive Core Players,1,€40.00m,40.0,0.046801872074883,0.1,227.0,0.14040561622464898,0.13,412.1,0.23,407.4,1.8720748829953198,6.739469578783151,2.4804992199687987,11.09
Alejandro Garnacho,Chelsea FC,MID,Attacking Creators & Finishers,0,€40.00m,40.0,0.07137192704203013,0.25,399.0,0.2854877081681205,0.26,405.3,0.51,211.4,1.141950832672482,3.211736716891356,0.7137192704203014,5.07
Anthony Elanga,Newcastle United,MID,Defensive Core Players,1,€40.00m,40.0,0.0,0.11,185.0,0.06912442396313365,0.12,266.7,0.23,130.4,0.967741935483871,2.2119815668202767,0.6221198156682027,3.8
Myles Lewis-Skelly,Arsenal FC,DEF,Defensive Core Players,1,€40.00m,40.0,0.0,0.01,29.0,0.0,0.03,74.6,0.04,73.2,1.0329985652797704,3.873744619799139,2.1951219512195124,3.23
Adam Wharton,Crystal Palace,MID,Defensive Core Players,1,€40.00m,40.0,0.03526645768025079,0.05,180.0,0.21159874608150472,0.26,720.0,0.31,494.4,2.468652037617555,5.748432601880878,2.468652037617555,10.69
Amad Diallo,Manchester United,MID,Attacking Creators & Finishers,0,€40.00m,40.0,0.07695596408721676,0.21,600.0,0.19238991021804192,0.18,596.1,0.39,436.6,1.4621633176571185,4.309533988884139,1.8469431380932024,7.62
Ben White,Arsenal FC,DEF,Defensive Core Players,1,€40.00m,40.0,0.0,0.06,54.0,0.12875536480686695,0.09,133.4,0.15,154.8,1.9313304721030042,3.6051502145922747,4.8927038626609445,6.82
Milos Kerkez,Liverpool FC,DEF,Defensive Core Players,1,€40.00m,40.0,0.07996446023989337,0.06,141.0,0.039982230119946685,0.03,415.8,0.09,434.6,1.6392714349178141,3.5184362505553084,3.718347401155042,5.36
Rayan Cherki,Manchester City,MID,Attacking Creators & Finishers,0,€42.00m,42.0,0.20316027088036115,0.22,579.0,0.6602708803611738,0.45,996.6,0.67,604.2,1.3205417607223475,4.723476297968397,0.8126410835214446,6.86
Amadou Onana,Aston Villa,MID,Defensive Core Players,1,€42.00m,42.0,0.10256410256410256,0.09,178.0,0.0,0.04,152.6,0.13,413.2,2.4615384615384617,3.6923076923076925,5.076923076923077,11.23
João Pedro,Chelsea FC,FWD,Attacking Creators & Finishers,0,€45.00m,45.0,0.5079006772009029,0.5,909.0,0.3047404063205417,0.07,456.6,0.57,758.4,0.9142212189616252,2.437923250564334,1.3205417607223475,4.67
Jérémy Doku,Manchester City,MID,Attacking Creators & Finishers,0,€45.00m,45.0,0.25380710659898476,0.15,645.0,0.40609137055837563,0.3,841.6,0.45,540.2,1.16751269035533,4.467005076142132,0.7614213197969544,6.4
Mohamed Salah,Liverpool FC,MID,Attacking Creators & Finishers,0,€45.00m,45.0,0.29384328358208955,0.35,805.0,0.29384328358208955,0.23,740.7,0.58,524.8,0.7136194029850746,3.400186567164179,0.46175373134328357,4.58
Jarrad Branthwaite,Everton,DEF,Defensive Core Players,1,€45.00m,45.0,0.13274336283185842,0.05,75.0,0.13274336283185842,0.01,42.8,0.06,175.0,1.8584070796460177,3.982300884955752,7.035398230088496,8.89
Savinho,Manchester City,MID,Attacking Creators & Finishers,0,€45.00m,45.0,0.11015911872705018,0.28,321.0,0.22031823745410037,0.18,198.4,0.46,138.6,0.9914320685434517,4.296205630354957,1.211750305997552,6.5
Pedro Neto,Chelsea FC,MID,Attacking Creators & Finishers,0,€45.00m,45.0,0.17116774438950172,0.16,505.0,0.2396348421453024,0.23,836.2,0.39,523.0,0.6504374286801065,2.8756181057436287,0.6504374286801065,4.18
Lucas Digne,Aston Villa,DEF,Defensive Core Players,1,€5.00m,5.0,0.0,0.03,130.0,0.3420195439739414,0.16,455.5,0.19,400.2,1.7589576547231272,3.0781758957654723,3.7622149837133554,5.52
Jefferson Lerma,Crystal Palace,MID,Defensive Core Players,1,€5.00m,5.0,0.0,0.1,233.0,0.2613240418118467,0.08,207.2,0.18,287.6,1.4634146341463414,5.331010452961673,4.70383275261324,11.5
Bernd Leno,Fulham,GKP,Goalkeepers,2,€5.00m,5.0,0.0,0.0,0.0,0.0,0.0,0.0,0.0,816.2,0.10526315789473684,8.368421052631579,1.2105263157894737,0.0
David Brooks,AFC Bournemouth,MID,Attacking Creators & Finishers,0,€5.00m,5.0,0.07575757575757576,0.44,434.0,0.2272727272727273,0.26,384.5,0.7,236.2,1.4393939393939394,4.242424242424242,1.4393939393939394,7.12
Joe Rodon,Leeds United,DEF,Defensive Core Players,1,€5.00m,5.0,0.06097560975609757,0.04,242.0,0.0,0.02,137.3,0.06,707.2,1.128048780487805,2.5914634146341466,7.225609756097562,8.35
Aaron Hickey,Brentford,DEF,Defensive Core Players,1,€5.00m,5.0,0.0,0.06,43.0,0.0,0.02,17.1,0.08,101.4,1.988217967599411,4.639175257731959,4.771723122238586,6.76
Ryan Christie,AFC Bournemouth,MID,Defensive Core Players,1,€5.00m,5.0,0.18404907975460122,0.17,220.0,0.09202453987730061,0.07,197.0,0.24,226.6,2.4846625766871164,5.705521472392638,3.1288343558282206,11.32
Bryan Mbeumo,Manchester United,MID,Attacking Creators & Finishers,0,€50.00m,50.0,0.37916507085407886,0.41,882.0,0.10340865568747605,0.17,803.1,0.58,628.8,0.8617387973956339,3.136729222520107,0.7927996936039831,4.79
Morgan Gibbs-White,Nottingham Forest,MID,Attacking Creators & Finishers,0,€50.00m,50.0,0.43534343760077393,0.31,836.0,0.11609158336020639,0.08,747.7,0.39,843.8,0.5804579168010319,3.1925185424056757,1.3930990003224766,5.17
Jurrien Timber,Arsenal FC,DEF,Defensive Core Players,1,€50.00m,50.0,0.1101141924959217,0.17,352.0,0.2202283849918434,0.06,402.6,0.23,499.0,2.4225122349102772,3.5603588907014685,3.0097879282218596,5.43
Morgan Rogers,Aston Villa,MID,Attacking Creators & Finishers,0,€50.00m,50.0,0.27439024390243905,0.19,871.0,0.21951219512195122,0.12,706.2,0.31,746.2,1.152439024390244,3.8140243902439024,1.3445121951219512,6.31
Bruno Fernandes,Manchester United,MID,Attacking Creators & Finishers,0,€50.00m,50.0,0.2642740619902121,0.32,614.0,0.7047308319738989,0.36,1938.5,0.68,1258.0,1.5562805872756933,4.903752039151713,1.9673735725938009,8.43
Gabriel Martinelli,Arsenal FC,MID,Attacking Creators & Finishers,0,€50.00m,50.0,0.08450704225352113,0.35,390.0,0.4225352112676056,0.11,202.2,0.46,204.6,1.0140845070422535,4.394366197183098,1.0985915492957745,6.51
Cristian Romero,Tottenham Hotspur,DEF,Defensive Core Players,1,€50.00m,50.0,0.1926163723916533,0.07,223.0,0.048154093097913325,0.06,133.6,0.13,574.8,2.792937399678973,4.237560192616373,6.693418940609952,9.49
Kobbie Mainoo,Manchester United,MID,Defensive Core Players,1,€50.00m,50.0,0.0544464609800363,0.03,94.0,0.1088929219600726,0.07,360.1,0.1,365.0,1.9600725952813067,5.172413793103448,3.0490018148820326,10.18
Jeremie Frimpong,Liverpool FC,DEF,Defensive Core Players,1,€50.00m,50.0,0.0,0.04,186.0,0.436046511627907,0.14,244.6,0.18,133.2,0.9593023255813954,4.534883720930233,1.6569767441860466,2.62
Leny Yoro,Manchester United,DEF,Defensive Core Players,1,€50.00m,50.0,0.0,0.07,124.0,0.05202312138728324,0.03,83.1,0.1,327.0,1.560693641618497,3.7976878612716765,6.5549132947976885,8.12
Jamie Gittens,Chelsea FC,MID,Attacking Creators & Finishers,0,€50.00m,50.0,0.0,0.15,91.0,0.37037037037037035,0.17,130.4,0.32,93.0,1.4814814814814814,2.7777777777777777,1.111111111111111,5.37
Eberechi Eze,Arsenal FC,MID,Attacking Creators & Finishers,0,€50.00m,50.0,0.33421750663129973,0.25,455.0,0.14323607427055704,0.13,305.7,0.38,393.4,0.907161803713528,3.7718832891246685,1.050397877984085,5.73
Joël Veltman,Brighton & Hove Albion,DEF,Defensive Core Players,1,€500k,,0.08595988538681949,0.1,68.0,0.0,0.02,80.5,0.12,247.0,2.664756446991404,3.4383954154727796,5.845272206303725,8.51
Tijjani Reijnders,Manchester City,MID,Attacking Creators & Finishers,0,€55.00m,55.0,0.277264325323475,0.26,435.0,0.16635859519408502,0.13,347.8,0.39,340.0,0.55452865064695,3.2162661737523104,1.77449168207024,5.55
Sandro Tonali,Newcastle United,MID,Defensive Core Players,1,€55.00m,55.0,0.0,0.06,198.0,0.07103393843725335,0.1,534.1,0.16,398.0,1.2430939226519337,5.220994475138122,2.663772691397001,9.13
Martín Zubimendi,Arsenal FC,MID,Defensive Core Players,1,€55.00m,55.0,0.15045135406218654,0.09,271.0,0.03009027081243731,0.07,385.1,0.16,603.2,2.0461384152457374,3.490471414242728,3.701103309929789,9.24
Ibrahima Konaté,Liverpool FC,DEF,Defensive Core Players,1,€55.00m,55.0,0.029126213592233007,0.03,119.0,0.0,0.03,160.5,0.06,779.2,1.5436893203883495,3.436893203883495,6.990291262135922,8.53
Matheus Cunha,Manchester United,MID,Attacking Creators & Finishers,0,€55.00m,55.0,0.36101083032490977,0.25,801.0,0.1444043321299639,0.12,545.4,0.37,675.8,1.407942238267148,4.548736462093863,1.660649819494585,7.62
Chris Wood,Nottingham Forest,FWD,Attacking Creators & Finishers,0,€6.00m,6.0,0.3013392857142857,0.43,266.0,0.0,0.03,88.4,0.46,139.0,0.10044642857142858,1.40625,1.40625,2.91
Casemiro,Manchester United,MID,Attacking Creators & Finishers,0,€6.00m,6.0,0.3145631067961165,0.19,585.0,0.13980582524271845,0.11,536.1,0.3,903.6,3.145631067961165,4.718446601941747,4.543689320388349,12.41
Loum Tchaouna,Burnley,MID,Defensive Core Players,1,€6.00m,6.0,0.14297061159650518,0.09,173.0,0.14297061159650518,0.07,231.1,0.16,185.8,1.2867355043685464,2.716441620333598,0.9293089753772835,4.93
Rúben Dias,Manchester City,DEF,Defensive Core Players,1,€60.00m,60.0,0.08415147265077139,0.02,96.0,0.0,0.03,152.2,0.05,560.8,0.5469845722300141,3.1136044880785416,6.479663394109397,7.03
Kai Havertz,Arsenal FC,FWD,Attacking Creators & Finishers,0,€60.00m,60.0,0.3119584055459272,0.52,210.0,0.4679376083188908,0.1,134.6,0.62,152.6,1.2478336221837087,2.1837088388214903,1.559792027729636,4.99
Anthony Gordon,Newcastle United,MID,Attacking Creators & Finishers,0,€60.00m,60.0,0.3003337041156841,0.44,514.0,0.20022246941045607,0.17,404.2,0.61,393.8,0.9510567296996663,2.803114571746385,0.8008898776418243,4.56
Kyle Walker,Burnley,DEF,Defensive Core Players,1,€600k,,0.0,0.0,28.0,0.05815831987075929,0.04,237.2,0.04,506.0,1.6284329563812603,4.507269789983845,4.536348949919225,6.16
Kieran Trippier,Newcastle United,DEF,Defensive Core Players,1,€600k,,0.0,0.0,14.0,0.05674653215636822,0.12,488.5,0.12,288.0,1.4186633039092054,4.199243379571248,3.2345523329129886,4.65
Cody Gakpo,Liverpool FC,MID,Attacking Creators & Finishers,0,€65.00m,65.0,0.23026315789473686,0.27,831.0,0.16447368421052633,0.15,714.7,0.42,540.4,0.9210526315789475,2.861842105263158,1.2171052631578947,5.0
Josko Gvardiol,Manchester City,DEF,Defensive Core Players,1,€65.00m,65.0,0.13138686131386862,0.15,218.0,0.13138686131386862,0.05,109.5,0.2,369.0,1.1167883211678833,3.218978102189781,5.649635036496351,6.77
Marcus Edwards,Burnley,MID,Attacking Creators & Finishers,0,€7.00m,7.0,0.08506616257088846,0.13,226.0,0.2551984877126654,0.16,283.9,0.29,180.0,0.9357277882797731,4.253308128544423,0.5103969754253308,5.7
Wilson Isidor,Sunderland,FWD,Attacking Creators & Finishers,0,€7.00m,7.0,0.470383275261324,0.37,444.0,0.078397212543554,0.03,30.4,0.4,242.0,0.862369337979094,1.8031358885017421,1.332752613240418,4.0
Eliezer Mayenda,Sunderland,FWD,Attacking Creators & Finishers,0,€7.00m,7.0,0.23968042609853527,0.26,188.0,0.0,0.03,53.8,0.29,117.6,0.5992010652463382,1.6777629826897469,0.8388814913448734,3.12
Trai Hume,Sunderland,DEF,Defensive Core Players,1,€7.00m,7.0,0.059366754617414245,0.07,248.0,0.029683377308707123,0.06,421.3,0.13,547.8,2.0184696569920844,3.0277044854881265,4.007255936675461,6.03
Daichi Kamada,Crystal Palace,MID,Defensive Core Players,1,€7.50m,7.5,0.0,0.08,155.0,0.0947867298578199,0.15,350.1,0.23,239.2,2.9383886255924168,5.118483412322274,1.8009478672985781,9.86
Armando Broja,Burnley,FWD,Defensive Core Players,1,€7.50m,7.5,0.10676156583629892,0.23,207.0,0.10676156583629892,0.02,78.9,0.25,102.0,0.6405693950177935,2.775800711743772,1.281138790035587,4.7
Gabriel Magalhães,Arsenal FC,DEF,Defensive Core Players,1,€70.00m,70.0,0.09818181818181818,0.1,298.0,0.16363636363636364,0.06,128.5,0.16,824.0,1.2436363636363637,2.0945454545454543,7.821818181818181,9.07
Omar Marmoush,Manchester City,MID,Attacking Creators & Finishers,0,€70.00m,70.0,0.3907380607814761,0.36,284.0,0.3907380607814761,0.1,159.8,0.46,203.2,1.6931982633863965,2.6049204052098407,0.7814761215629522,5.08
Hjalmar Ekdal,Burnley,DEF,Defensive Core Players,1,€700k,,0.0,0.01,88.0,0.0,0.02,55.8,0.03,372.0,1.4035087719298245,2.8654970760233915,8.771929824561402,10.18
Bruno Guimarães,Newcastle United,MID,Attacking Creators & Finishers,0,€75.00m,75.0,0.32980456026058635,0.2,488.0,0.25651465798045603,0.18,756.7,0.38,782.4,2.271986970684039,4.91042345276873,2.015472312703583,9.2
William Saliba,Arsenal FC,DEF,Defensive Core Players,1,€75.00m,75.0,0.03442999234889059,0.03,90.0,0.0,0.04,201.0,0.07,552.6,1.2050497322111706,3.8905891354246367,5.439938791124713,6.64
Ryan Gravenberch,Liverpool FC,MID,Defensive Core Players,1,€75.00m,75.0,0.15045135406218654,0.06,220.0,0.15045135406218654,0.07,497.2,0.13,687.0,1.7753259779338013,3.8214643931795385,3.3701103309929787,8.97
Enzo Fernández,Chelsea FC,MID,Attacking Creators & Finishers,0,€75.00m,75.0,0.2890173410404624,0.33,747.0,0.1445086705202312,0.21,1063.2,0.54,835.6,1.5317919075144508,4.0462427745664735,1.4739884393063583,7.05
Joe Worrall,Burnley,DEF,Defensive Core Players,1,€750k,,0.0,0.01,19.0,0.0,0.0,1.5,0.01,147.4,0.7258064516129032,1.814516129032258,13.064516129032258,13.79
Noah Sadiki,Sunderland,MID,Defensive Core Players,1,€8.00m,8.0,0.0,0.04,162.0,0.062262193012798346,0.05,333.3,0.09,347.6,1.432030439294362,3.5178139052231066,2.7706675890695265,7.72
Kenny Tete,Fulham,DEF,Defensive Core Players,1,€8.00m,8.0,0.05025125628140704,0.05,108.0,0.0,0.07,214.1,0.12,416.0,3.2663316582914574,4.120603015075377,5.025125628140704,8.29
Harry Maguire,Manchester United,DEF,Defensive Core Players,1,€8.00m,8.0,0.0545785324439054,0.06,184.0,0.1091570648878108,0.03,62.5,0.09,381.6,1.2007277137659187,3.3838690115221346,7.040630685263796,8.24
Timothy Castagne,Fulham,DEF,Defensive Core Players,1,€8.00m,8.0,0.0,0.07,195.0,0.09793253536452666,0.07,292.2,0.14,373.0,1.9586507072905333,2.7421109902067466,5.190424374319913,7.15
Carlos Alcaraz,Everton,MID,Defensive Core Players,1,€8.00m,8.0,0.0,0.16,162.0,0.1325478645066274,0.07,161.9,0.23,93.8,1.8556701030927836,5.699558173784978,1.7231222385861562,9.28
Quilindschy Hartman,Burnley,DEF,Defensive Core Players,1,€8.00m,8.0,0.0,0.02,83.0,0.2958904109589041,0.1,288.8,0.12,422.2,2.5643835616438353,3.4027397260273973,4.980821917808219,7.55
Moisés Caicedo,Chelsea FC,MID,Defensive Core Players,1,€80.00m,80.0,0.09656652360515021,0.05,128.0,0.032188841201716736,0.08,403.1,0.13,562.4,2.800429184549356,5.697424892703863,3.2832618025751072,11.78
Dominik Szoboszlai,Liverpool FC,MID,Attacking Creators & Finishers,0,€80.00m,80.0,0.1670792079207921,0.13,417.0,0.19492574257425743,0.19,1324.6,0.32,867.8,1.5594059405940595,5.179455445544554,2.6732673267326734,9.41
Martin Ødegaard,Arsenal FC,MID,Attacking Creators & Finishers,0,€80.00m,80.0,0.06603081438004402,0.08,168.0,0.46221570066030815,0.24,564.4,0.32,311.8,1.2545854732208364,4.622157006603081,0.8584005869405723,6.74
Tyrone Mings,Aston Villa,DEF,Defensive Core Players,1,€800k,,0.0,0.09,105.0,0.0680786686838124,0.03,80.5,0.12,282.6,0.340393343419062,3.1996974281391832,6.944024205748866,7.28
Ilia Gruev,Leeds United,MID,Defensive Core Players,1,€800k,,0.0,0.03,64.0,0.27314112291350534,0.06,171.0,0.09,199.4,1.5705614567526556,3.4825493171471926,2.731411229135053,7.78
Phil Foden,Manchester City,MID,Attacking Creators & Finishers,0,€85.00m,85.0,0.30317613089509143,0.26,520.0,0.2165543792107796,0.21,918.8,0.47,583.2,1.4725697786333012,4.417709335899904,1.039461020211742,6.93
Issa Diop,Fulham,DEF,Defensive Core Players,1,€9.00m,9.0,0.11083743842364532,0.09,31.0,0.0,0.01,8.0,0.1,190.8,0.6650246305418719,2.105911330049261,6.096059113300493,6.76
Saša Lukić,Fulham,MID,Defensive Core Players,1,€9.00m,9.0,0.05202312138728324,0.12,176.0,0.20809248554913296,0.1,441.6,0.22,317.6,2.5491329479768785,3.69364161849711,3.2774566473988442,9.52
Mathias Jensen,Brentford,MID,Attacking Creators & Finishers,0,€9.00m,9.0,0.12058954890576151,0.09,201.0,0.08039303260384101,0.24,632.7,0.33,435.6,1.6078606520768202,4.74318892362662,2.4921840107190714,8.84
Chris Richards,Crystal Palace,DEF,Defensive Core Players,1,€9.00m,9.0,0.03185840707964602,0.08,185.0,0.0,0.05,159.6,0.13,727.2,1.7203539823008849,2.0707964601769913,8.187610619469027,9.91
Alexis Mac Allister,Liverpool FC,MID,Defensive Core Players,1,€90.00m,90.0,0.06782215523737754,0.13,365.0,0.16955538809344387,0.06,562.2,0.19,475.4,1.797287113790505,3.7980406932931428,2.1703089675960814,7.77
Danny Welbeck,Brighton & Hove Albion,FWD,Attacking Creators & Finishers,0,€900k,,0.5202312138728324,0.49,803.0,0.04001778568252557,0.06,309.7,0.55,578.8,0.9604268563806136,1.960871498443753,1.5606936416184973,4.48
Marc Guehi,Manchester City,DEF,Defensive Core Players,1,,,0.08571428571428572,0.12,402.0,0.14285714285714285,0.07,304.6,0.19,901.6,1.3142857142857143,3.9714285714285715,6.628571428571429,7.94
David Raya,Arsenal FC,GKP,Goalkeepers,2,,,0.0,0.0,0.0,0.0,0.0,33.5,0.0,541.6,0.02702702702702703,8.216216216216216,1.0,0.0
Nordi Mukiele,Sunderland,DEF,Defensive Core Players,1,,,0.09698275862068965,0.05,242.0,0.16163793103448276,0.09,353.1,0.14,733.6,2.230603448275862,4.234913793103448,6.594827586206897,8.83
Dominic Calvert Lewin,Leeds United,FWD,Attacking Creators & Finishers,0,,,0.46306504961411243,0.51,1026.0,0.0661521499448732,0.04,311.1,0.55,619.6,0.33076074972436603,1.5214994487320836,1.6207276736493936,3.47
Anton Stach,Leeds United,MID,Attacking Creators & Finishers,0,,,0.18995356690586745,0.11,315.0,0.22794428028704095,0.17,921.4,0.28,650.0,2.469396369776277,4.5588856057408185,3.0772477838750527,10.11
Robin Roefs,Sunderland,GKP,Goalkeepers,2,,,0.0,0.0,0.0,0.0,0.0,50.0,0.0,881.6,0.0,9.514285714285714,1.0571428571428572,0.0
Mateus Gonçalo M.Fernandes,West Ham United,MID,Defensive Core Players,1,,,0.08949287371561153,0.06,183.0,0.11932383162081536,0.09,622.8,0.15,657.2,3.0725886642359956,5.429234338747099,2.5058004640371228,11.01
Gianluigi Donnarumma,Manchester City,GKP,Goalkeepers,2,,,0.0,0.0,2.0,0.0,0.0,10.3,0.0,666.6,0.0,6.9411764705882355,1.2352941176470589,0.0
Viktor Gyokeres,Arsenal FC,FWD,Attacking Creators & Finishers,0,,,0.5683355886332883,0.5,772.0,0.04059539918809202,0.08,271.7,0.58,539.6,0.28416779431664413,2.232746955345061,0.9336941813261164,3.45
Neco N.Williams,Nottingham Forest,DEF,Defensive Core Players,1,,,0.0561973150171714,0.06,380.0,0.0842959725257571,0.11,572.3,0.17,804.0,2.6974711208242272,4.608179831408055,4.242897283796441,6.94
Malick Thiaw,Newcastle United,DEF,Defensive Core Players,1,,,0.12149848126898413,0.15,409.0,0.0,0.03,114.3,0.18,868.0,1.3364832939588254,3.5842051974350317,7.532905838677016,8.87
João Maria J.Palhinha,Tottenham Hotspur,MID,Defensive Core Players,1,,,0.20529197080291972,0.11,295.0,0.12317518248175183,0.03,147.8,0.14,638.0,4.516423357664234,3.777372262773723,4.105839416058394,12.4
Omar Alderete,Sunderland,DEF,Defensive Core Players,1,,,0.0321773328566321,0.05,279.0,0.0321773328566321,0.03,138.1,0.08,749.0,1.0296746514122272,3.3142652842331066,9.00965319985699,10.04
Hugo Ekitiké,Liverpool FC,FWD,Attacking Creators & Finishers,0,,,0.5509181969949917,0.51,739.0,0.2003338898163606,0.12,307.2,0.63,525.8,0.5509181969949917,2.1035058430717863,1.6026711185308848,4.26
Đorđe Petrović,AFC Bournemouth,GKP,Goalkeepers,2,,,0.0,0.0,0.0,0.0,0.0,0.0,0.0,822.6,0.0,7.5,1.631578947368421,0.0
Granit Xhaka,Sunderland,MID,Defensive Core Players,1,,,0.031023784901758014,0.03,101.0,0.18614270941054809,0.12,595.3,0.15,685.0,1.5511892450879006,5.522233712512927,4.157187176835574,11.23
Emiliano Martinez,Aston Villa,GKP,Goalkeepers,2,,,0.0,0.0,0.0,0.031746031746031744,0.0,23.2,0.0,769.8,0.0,8.634920634920634,0.8571428571428571,0.0
Ferdi F.Kadıoğlu,Brighton & Hove Albion,DEF,Defensive Core Players,1,,,0.02875399361022364,0.06,284.0,0.05750798722044728,0.1,444.8,0.16,505.0,1.6389776357827475,3.7380191693290734,3.2492012779552715,4.89
Micky Van de Ven,Tottenham Hotspur,DEF,Defensive Core Players,1,,,0.1183821111476488,0.08,218.0,0.0295955277869122,0.01,95.2,0.09,683.4,1.1246300559026634,3.5810588622163757,5.149621834922723,6.27
Igor Jesus Igor Jesus,Nottingham Forest,FWD,Attacking Creators & Finishers,0,,,0.23549934583515045,0.25,726.0,0.23549934583515045,0.05,240.7,0.3,420.6,0.9419973833406018,2.3942433493240296,1.4914958569559529,4.83
Sepp Van den Berg,Brentford,DEF,Defensive Core Players,1,,,0.0,0.11,305.0,0.09779065555957986,0.05,98.0,0.16,659.0,0.7497283592901123,3.5530604853314016,8.116624411445128,8.87
Luke Shaw,Manchester United,DEF,Defensive Core Players,1,,,0.027950310559006212,0.02,97.0,0.027950310559006212,0.06,314.8,0.08,560.2,2.0962732919254656,2.9347826086956523,4.1645962732919255,6.26
Raúl Raúl,Fulham,FWD,Attacking Creators & Finishers,0,,,0.3710490151168117,0.48,729.0,0.20613834173156206,0.04,331.5,0.52,479.4,1.4429683921209344,2.267521759047183,1.7315620705451213,5.44
Benjamin Šeško,Manchester United,FWD,Attacking Creators & Finishers,0,,,0.6073619631901841,0.51,803.0,0.11042944785276074,0.02,156.1,0.53,483.8,0.27607361963190186,2.1533742331288344,1.1042944785276074,3.53
Senne Lammens,Manchester United,GKP,Goalkeepers,2,,,0.0,0.0,2.0,0.0,0.0,0.0,0.0,635.6,0.03125,7.0,0.8125,0.0
Noah Okafor,Leeds United,MID,Attacking Creators & Finishers,0,,,0.463618802318094,0.3,435.0,0.17385705086928524,0.08,275.0,0.38,438.8,1.3329040566645203,3.535093367675467,1.6806181584030908,6.55
Nick Woltemade,Newcastle United,FWD,Attacking Creators & Finishers,0,,,0.379746835443038,0.31,425.0,0.189873417721519,0.07,314.4,0.38,447.2,1.139240506329114,2.5158227848101267,1.3291139240506329,4.98
João Victor J.Gomes,Wolverhampton Wanderers,MID,Defensive Core Players,1,,,0.031813361611876985,0.04,176.0,0.06362672322375397,0.07,353.4,0.11,486.6,3.4040296924708375,6.1399787910922585,2.767762460233298,12.31
Yehor Yarmoliuk,Brentford,MID,Defensive Core Players,1,,,0.03393665158371041,0.04,117.0,0.10180995475113122,0.05,273.0,0.09,445.0,2.341628959276018,6.312217194570136,2.816742081447964,11.47
Norberto Bercique Beto,Everton,FWD,Attacking Creators & Finishers,0,,,0.5222437137330754,0.52,655.0,0.058027079303675046,0.01,159.8,0.53,445.8,0.8123791102514506,1.5087040618955512,2.843326885880077,5.16
El Hadji Malick Diouf,West Ham United,DEF,Defensive Core Players,1,,,0.0,0.02,133.0,0.19955654101995565,0.08,480.2,0.1,583.6,1.4634146341463414,4.157427937915743,5.3547671840354765,6.82
Calvin Bassey,Fulham,DEF,Defensive Core Players,1,,,0.035545023696682464,0.06,115.0,0.035545023696682464,0.01,152.2,0.07,574.0,2.203791469194313,4.229857819905213,5.0829383886255926,7.29
Tomáš Souček,West Ham United,MID,Defensive Core Players,1,,,0.20547945205479454,0.24,483.0,0.08219178082191782,0.02,191.9,0.26,526.6,1.767123287671233,2.712328767123288,4.726027397260274,9.21
Yasin Ayari,Brighton & Hove Albion,MID,Defensive Core Players,1,,,0.14055179593961478,0.13,231.0,0.18740239458615304,0.05,251.3,0.18,359.8,2.2019781363872983,5.809474232170745,2.529932326913066,10.54
Diego Gomez,Brighton & Hove Albion,MID,Defensive Core Players,1,,,0.21256495040151158,0.27,432.0,0.042512990080302314,0.07,319.7,0.34,438.2,3.273500236183278,4.7614548889938595,2.0831365139348135,10.12
André André,Wolverhampton Wanderers,MID,Defensive Core Players,1,,,0.03260869565217391,0.02,46.0,0.0,0.03,320.6,0.05,423.0,2.641304347826087,6.913043478260869,2.934782608695652,12.49
Martin Dúbravka,Burnley,GKP,Goalkeepers,2,,,0.0,0.0,0.0,0.0,0.0,0.0,0.0,976.4,0.02857142857142857,8.314285714285715,1.6857142857142857,0.0
Vitalii Mykolenko,Everton,DEF,Defensive Core Players,1,,,0.0,0.01,71.0,0.03041568097330179,0.07,394.1,0.08,559.2,1.4599526867184858,3.2544778641432917,5.566069618114227,7.03
Patrick Dorgu,Manchester United,DEF,Attacking Creators & Finishers,0,,,0.25,0.15,341.0,0.25,0.12,394.2,0.27,469.0,3.0,4.8125,3.125,6.12
Thierno Barry,Everton,FWD,Attacking Creators & Finishers,0,,,0.37934668071654376,0.39,501.0,0.0,0.02,207.7,0.41,341.0,0.2845100105374078,1.612223393045311,1.612223393045311,3.51
James Justin,Leeds United,DEF,Defensive Core Players,1,,,0.09508716323296354,0.09,220.0,0.04754358161648177,0.06,190.9,0.15,469.8,2.6148969889064975,3.328050713153724,6.0855784469096665,8.7
Brian Brobbey,Sunderland,FWD,Attacking Creators & Finishers,0,,,0.328125,0.28,552.0,0.09375,0.03,200.5,0.31,333.4,0.421875,2.0625,0.984375,3.47
Santiago S.Bueno,Wolverhampton Wanderers,DEF,Defensive Core Players,1,,,0.10579937304075236,0.08,259.0,0.07053291536050157,0.05,131.8,0.13,611.2,1.79858934169279,2.327586206896552,5.81896551724138,7.62
Alisson A.Becker,Liverpool FC,GKP,Goalkeepers,2,,,0.0,0.0,0.0,0.0,0.0,0.1,0.0,479.8,0.0,8.807692307692308,1.4230769230769231,0.0
Piero Hincapie,Arsenal FC,DEF,Defensive Core Players,1,,,0.05036373810856184,0.02,72.0,0.10072747621712368,0.08,184.7,0.1,453.6,2.417459429210968,3.172915500839396,6.1947397873531065,8.61
Georginio Georginio,Brighton & Hove Albion,MID,Attacking Creators & Finishers,0,,,0.15202702702702703,0.15,448.0,0.25337837837837834,0.15,349.5,0.3,338.6,1.6216216216216215,3.0912162162162162,1.9256756756756757,6.64
Florentino Ibrain Florentino,Burnley,MID,Defensive Core Players,1,,,0.0,0.03,56.0,0.08571428571428572,0.02,234.5,0.05,421.0,3.8142857142857145,4.842857142857143,4.757142857142857,13.41
Hugo H.Bueno,Wolverhampton Wanderers,DEF,Defensive Core Players,1,,,0.03815175922000848,0.03,172.0,0.11445527766002543,0.13,673.9,0.16,554.6,2.4417125900805425,4.387452310300975,4.120389995760916,6.56
Murillo Murillo,Nottingham Forest,DEF,Defensive Core Players,1,,,0.04225352112676056,0.03,82.0,0.0,0.02,115.5,0.05,542.2,1.4788732394366197,4.309859154929577,7.943661971830985,9.42
Idrissa Gana Gana,Everton,MID,Defensive Core Players,1,,,0.08595988538681949,0.09,208.0,0.12893982808022922,0.08,259.2,0.17,382.6,1.848137535816619,4.98567335243553,2.535816618911175,9.37
Chemsdine Talbi,Sunderland,MID,Defensive Core Players,1,,,0.231809401159047,0.12,245.0,0.1159047005795235,0.07,211.5,0.19,238.8,0.6374758531873792,3.535093367675467,1.159047005795235,5.33
Omari Hutchinson,Nottingham Forest,MID,Attacking Creators & Finishers,0,,,0.05369928400954654,0.11,356.0,0.37589498806682575,0.21,527.1,0.32,333.6,1.1813842482100239,4.671837708830549,1.0739856801909307,6.93
Xavi Xavi,Tottenham Hotspur,MID,Attacking Creators & Finishers,0,,,0.10303377218088151,0.16,255.0,0.25758443045220375,0.2,533.8,0.36,349.6,1.7515741270749856,4.481969089868346,1.4424728105323412,7.68
Callum Wilson,West Ham United,FWD,Attacking Creators & Finishers,0,,,0.5105348460291734,0.55,509.0,0.14586709886547813,0.04,109.0,0.59,305.2,0.29173419773095627,1.9692058346839547,0.7293354943273906,2.99
Pascal Groß,Brighton & Hove Albion,MID,Attacking Creators & Finishers,0,,,0.05501222493887531,0.08,220.0,0.33007334963325186,0.22,668.2,0.3,397.2,1.595354523227384,4.180929095354523,2.2004889975550124,7.98
Yéremy Yeremy,Crystal Palace,MID,Attacking Creators & Finishers,0,,,0.08678881388621022,0.2,371.0,0.08678881388621022,0.27,718.4,0.47,325.8,1.562198649951784,4.382835101253616,1.3018322082931533,7.25
Mads Hermansen,West Ham United,GKP,Goalkeepers,2,,,0.0,0.0,0.0,0.05555555555555555,0.0,20.0,0.0,422.0,0.0,9.333333333333334,1.1111111111111112,0.0
Jordan Henderson,Brentford,MID,Defensive Core Players,1,,,0.04709576138147566,0.02,49.0,0.14128728414442698,0.11,358.3,0.13,336.6,1.271585557299843,4.615384615384615,2.7315541601255884,8.62
Reinildo Reinildo,Sunderland,DEF,Defensive Core Players,1,,,0.0,0.01,39.0,0.09155645981688708,0.03,130.2,0.04,376.4,1.785350966429298,4.120040691759918,5.722278738555443,7.51
Mateus Mané,Wolverhampton Wanderers,FWD,Attacking Creators & Finishers,0,,,0.1510912143256855,0.1,283.0,0.10072747621712368,0.19,489.6,0.29,328.2,1.3598209289311696,3.8780078343592614,1.6620033575825406,6.9
Álex A.Jimenez,AFC Bournemouth,DEF,Defensive Core Players,1,,,0.038876889848812095,0.04,184.0,0.07775377969762419,0.07,269.3,0.11,406.0,2.6436285097192225,5.248380129589633,3.1101511879049677,5.75
Joelinton Cássio Joelinton,Newcastle United,MID,Defensive Core Players,1,,,0.0923076923076923,0.11,329.0,0.04615384615384615,0.06,296.3,0.17,324.4,1.9846153846153844,5.63076923076923,3.3692307692307693,10.98
Lewis L.Miley,Newcastle United,MID,Defensive Core Players,1,,,0.06028131279303416,0.08,136.0,0.24112525117213665,0.13,251.4,0.21,342.6,1.7481580709979907,4.1594105827193575,3.436034829202947,9.34
Jaydee Canvot,Crystal Palace,DEF,Defensive Core Players,1,,,0.0,0.1,56.0,0.0,0.02,63.8,0.12,362.4,2.70473328324568,3.651389932381668,8.722764838467317,11.43
Pape Matar P.M.Sarr,Tottenham Hotspur,MID,Defensive Core Players,1,,,0.12968299711815562,0.11,156.0,0.25936599423631124,0.07,188.3,0.18,336.0,2.07492795389049,4.992795389048991,4.7982708933717575,11.87
Karl Darlow,Leeds United,GKP,Goalkeepers,2,,,0.0,0.0,0.0,0.0,0.0,0.0,0.0,531.4,0.045454545454545456,9.181818181818182,1.3636363636363635,0.0
Lucas L.Paquetá,West Ham United,MID,Defensive Core Players,1,,,0.23793787177792466,0.17,186.0,0.11896893588896233,0.12,397.2,0.29,374.6,2.3793787177792467,4.520819563780568,1.784534038334435,8.68
Ladislav Krejčí,Wolverhampton Wanderers,DEF,Defensive Core Players,1,,,0.07640067911714771,0.09,278.0,0.07640067911714771,0.06,147.5,0.15,536.6,1.2606112054329373,2.979626485568761,6.264855687606112,7.53
Gabriel Gudmundsson,Leeds United,DEF,Defensive Core Players,1,,,0.0,0.04,158.0,0.0,0.1,363.7,0.14,442.6,2.218430034129693,3.8225255972696246,4.061433447098976,6.28
José José Sá,Wolverhampton Wanderers,GKP,Goalkeepers,2,,,0.0,0.0,0.0,0.0,0.0,10.0,0.0,514.2,0.043478260869565216,9.434782608695652,2.0,0.0
Tanaka Tanaka,Leeds United,MID,Defensive Core Players,1,,,0.13771996939556236,0.1,104.0,0.06885998469778118,0.1,307.6,0.2,224.2,1.8592195868400918,5.6465187452180565,2.6166794185156848,10.12
Rayan Vitor Rayan,AFC Bournemouth,MID,Attacking Creators & Finishers,0,,,0.4054054054054054,0.22,263.0,0.16216216216216214,0.15,211.9,0.37,277.6,0.8918918918918919,3.4864864864864864,2.27027027027027,6.65
Amine Adli,AFC Bournemouth,MID,Defensive Core Players,1,,,0.25139664804469275,0.22,260.0,0.16759776536312848,0.14,235.9,0.36,272.6,3.016759776536313,5.111731843575419,2.17877094972067,10.31
Tolu Tolu,Wolverhampton Wanderers,FWD,Attacking Creators & Finishers,0,,,0.19258202567760344,0.35,561.0,0.12838801711840228,0.03,178.4,0.38,252.4,0.44935805991440797,1.6690442225392297,3.209700427960057,5.33
Pau Pau,Aston Villa,DEF,Defensive Core Players,1,,,0.0,0.07,79.0,0.10759115361625822,0.02,47.1,0.09,321.8,1.1835026897788403,4.249850567842199,4.84160191273162,6.03
Josh King,Fulham,MID,Defensive Core Players,1,,,0.06976744186046512,0.17,336.0,0.20930232558139533,0.05,198.7,0.22,207.4,1.813953488372093,4.116279069767442,1.5348837209302324,7.47
Kevin Danso,Tottenham Hotspur,DEF,Defensive Core Players,1,,,0.0,0.04,96.0,0.0,0.02,49.5,0.06,407.0,1.6319677635997314,2.719946272666219,9.97313633310947,11.61
Nico N.Gonzalez,Manchester City,MID,Defensive Core Players,1,,,0.05765534913516976,0.04,72.0,0.0,0.06,234.1,0.1,309.8,2.42152466367713,5.188981422165279,4.266495836002562,11.88
Jacob J.Ramsey,Newcastle United,MID,Defensive Core Players,1,,,0.12491325468424704,0.07,165.0,0.18736988202637056,0.09,330.3,0.16,304.4,2.5607217210270643,5.308813324080499,1.4365024288688408,9.31
Samuel Chukwueze,Fulham,MID,Attacking Creators & Finishers,0,,,0.2530459231490159,0.18,243.0,0.3373945641986879,0.28,346.7,0.46,274.0,0.5060918462980318,4.807872539831303,1.5182755388940956,6.83
Mitoma Mitoma,Brighton & Hove Albion,MID,Attacking Creators & Finishers,0,,,0.15752625437572929,0.21,416.0,0.05250875145857643,0.14,422.3,0.35,288.4,0.9451575262543758,3.2555425904317388,1.4177362893815637,5.62
Valentín Taty,West Ham United,FWD,Attacking Creators & Finishers,0,,,0.3901734104046243,0.37,595.0,0.06502890173410404,0.05,175.5,0.42,280.6,0.7153179190751445,2.015895953757225,1.8858381502890174,4.62
Hannibal Hannibal,Burnley,MID,Defensive Core Players,1,,,0.07383100902378999,0.07,128.0,0.36915504511895,0.15,330.9,0.22,252.8,2.14109926168991,4.79901558654635,1.25512715340443,8.2
Estêvão Estêvão,Chelsea FC,MID,Attacking Creators & Finishers,0,,,0.2145411203814064,0.31,314.0,0.536352800953516,0.23,230.9,0.54,183.4,1.1799761620977354,3.8617401668653155,0.9654350417163289,6.01
Adam Smith,AFC Bournemouth,DEF,Defensive Core Players,1,,,0.0,0.0,18.0,0.16775396085740912,0.02,76.6,0.02,176.2,1.2581547064305685,2.4324324324324325,4.613233923578751,5.87
Josh Laurent,Burnley,MID,Defensive Core Players,1,,,0.051369863013698634,0.04,111.0,0.0,0.02,185.1,0.06,298.0,2.4657534246575343,3.2876712328767126,3.801369863013699,9.55
Carlos Baleba,Brighton & Hove Albion,MID,Defensive Core Players,1,,,0.0,0.04,44.0,0.0,0.04,156.3,0.08,166.8,2.023086269744836,5.741190765492102,3.6634264884568655,11.43
Lutsharel Geertruida,Sunderland,DEF,Defensive Core Players,1,,,0.0,0.04,102.0,0.0,0.05,135.7,0.09,274.6,1.9809637120761452,3.9083878643664485,4.069006543723974,6.05
Hwang Hee Chan,Wolverhampton Wanderers,MID,Defensive Core Players,1,,,0.1250868658790827,0.15,166.0,0.1250868658790827,0.1,216.5,0.25,163.4,0.6254343293954134,3.564975677553857,1.8137595552466992,6.0
Noussair Mazraoui,Manchester United,DEF,Defensive Core Players,1,,,0.0,0.02,37.0,0.0,0.03,122.4,0.05,209.0,2.579324462640737,4.237461617195496,6.079836233367451,8.66
Kyle Walker-Peters,West Ham United,DEF,Defensive Core Players,1,,,0.06531204644412192,0.07,106.0,0.0,0.02,124.5,0.09,267.0,2.873730043541364,3.8534107402031927,3.2002902757619736,6.07
Dwight McNeil,Everton,MID,Defensive Core Players,1,,,0.0,0.11,138.0,0.23255813953488372,0.15,242.4,0.26,140.6,1.7829457364341086,4.8062015503875966,2.0155038759689923,8.6
Felipe Morato,Nottingham Forest,DEF,Defensive Core Players,1,,,0.06716417910447761,0.09,96.0,0.0,0.01,37.6,0.1,371.2,2.014925373134328,3.4925373134328357,7.656716417910448,9.67
Jackson Tchatchoua,Wolverhampton Wanderers,DEF,Defensive Core Players,1,,,0.0,0.02,69.0,0.04907306434023992,0.08,349.9,0.1,318.2,1.4231188658669576,3.042529989094875,3.8767720828789534,5.3
Randal Kolo Muani,Tottenham Hotspur,FWD,Defensive Core Players,1,,,0.054380664652567974,0.11,287.0,0.054380664652567974,0.09,267.3,0.2,169.6,1.5226586102719033,3.4803625377643503,1.1963746223564955,6.2
Dan Ndoye,Nottingham Forest,MID,Defensive Core Players,1,,,0.07712082262210797,0.08,180.0,0.15424164524421594,0.12,217.7,0.2,166.4,1.6966580976863752,3.8560411311053984,1.8508997429305913,7.4
Axel Disasi,West Ham United,DEF,Defensive Core Players,1,,,0.0,0.08,84.0,0.0,0.0,19.9,0.08,220.8,1.0047846889952152,2.2966507177033493,5.311004784688995,6.32
Kevin Kevin,Fulham,MID,Defensive Core Players,1,,,0.08737864077669903,0.11,243.0,0.2621359223300971,0.13,246.6,0.24,216.0,1.8349514563106797,4.194174757281553,1.4854368932038835,7.51
Nicolás Dominguez,Nottingham Forest,MID,Defensive Core Players,1,,,0.07705479452054795,0.11,138.0,0.07705479452054795,0.06,193.5,0.17,264.8,4.315068493150685,4.469178082191781,2.2345890410958904,11.02
Andrey Andrey Santos,Chelsea FC,MID,Defensive Core Players,1,,,0.07217321571772253,0.14,91.0,0.0,0.06,153.9,0.2,229.6,2.6704089815557337,3.4643143544506816,3.1756214915797916,9.31
Jean-Clair Todibo,West Ham United,DEF,Defensive Core Players,1,,,0.0,0.01,26.0,0.04953219592735278,0.02,66.6,0.03,383.4,1.8326912493120526,4.408365437534397,6.340121078701156,8.17
Bafodé Diakité,AFC Bournemouth,DEF,Defensive Core Players,1,,,0.0,0.0,22.0,0.0,0.01,54.3,0.01,267.0,1.411764705882353,3.388235294117647,6.847058823529412,8.26
Jhon Arias,Wolverhampton Wanderers,MID,Defensive Core Players,1,,,0.08057296329453895,0.27,148.0,0.0,0.05,204.0,0.32,171.0,3.4646374216651745,4.673231871083258,1.9337511190689345,10.07
Conor Gallagher,Tottenham Hotspur,MID,Defensive Core Players,1,,,0.0760777683854607,0.09,154.0,0.0760777683854607,0.05,205.9,0.14,190.6,1.6737109044801353,5.5536770921386305,2.2062552831783604,9.43
Evann Guessand,Crystal Palace,MID,Defensive Core Players,1,,,0.09900990099009901,0.15,187.0,0.297029702970297,0.08,76.6,0.23,159.4,2.376237623762376,4.257425742574258,1.5841584158415842,8.22
Matthijs De Ligt,Manchester United,DEF,Defensive Core Players,1,,,0.07692307692307693,0.11,122.0,0.0,0.06,60.2,0.17,276.6,1.4615384615384615,3.076923076923077,6.769230769230769,8.23
Rio Ngumoha,Liverpool FC,MID,Attacking Creators & Finishers,0,,,0.3290676416819013,0.22,203.0,0.16453382084095064,0.33,222.8,0.55,176.0,0.6581352833638026,3.126142595978062,1.1517367458866545,4.94
Lucas Estella Perri,Leeds United,GKP,Goalkeepers,2,,,0.0,0.0,0.0,0.0,0.0,0.0,0.0,322.4,0.0,6.25,1.0,0.0
Ayden Heaven,Manchester United,DEF,Defensive Core Players,1,,,0.0,0.03,26.0,0.09782608695652174,0.02,32.0,0.05,233.6,2.1521739130434785,3.815217391304348,6.945652173913044,9.1
Oscar Bobb,Fulham,MID,Defensive Core Players,1,,,0.0,0.13,205.0,0.17475728155339806,0.18,315.4,0.31,140.4,1.8349514563106797,3.7572815533980584,1.0485436893203883,6.64
Soungoutou S.Magassa,West Ham United,MID,Defensive Core Players,1,,,0.09268795056642636,0.04,44.0,0.0,0.03,83.4,0.07,182.0,3.7075180226570543,5.005149330587023,3.05870236869207,11.77
Tom Cairney,Fulham,MID,Defensive Core Players,1,,,0.23809523809523808,0.14,64.0,0.0,0.1,195.6,0.24,153.4,0.8333333333333333,5.0,1.4285714285714286,7.26
Jacob Bruun Larsen,Burnley,MID,Defensive Core Players,1,,,0.0,0.12,140.0,0.08875739644970414,0.1,212.4,0.22,121.0,1.0650887573964496,2.751479289940828,1.7751479289940828,5.59
Cristhian Mosquera,Arsenal FC,DEF,Defensive Core Players,1,,,0.0,0.01,20.0,0.0,0.06,88.7,0.07,219.2,2.920892494929006,3.1947261663286004,5.750507099391481,8.67
Jorge J.Cuenca,Fulham,DEF,Defensive Core Players,1,,,0.0,0.0,14.0,0.0,0.05,47.2,0.05,249.6,1.5401069518716577,3.8502673796791442,9.721925133689838,11.26
Nicolò Savona,Nottingham Forest,DEF,Defensive Core Players,1,,,0.17560975609756097,0.12,94.0,0.0,0.04,123.2,0.16,216.6,1.7560975609756098,2.370731707317073,3.248780487804878,5.0
Adam Armstrong,Wolverhampton Wanderers,FWD,Attacking Creators & Finishers,0,,,0.1577563540753725,0.22,191.0,0.1577563540753725,0.07,85.0,0.29,145.0,0.63102541630149,1.1831726555652937,1.1042944785276074,2.92
Freddie Potts,West Ham United,MID,Defensive Core Players,1,,,0.0,0.02,37.0,0.0774526678141136,0.08,141.3,0.1,191.2,2.2461273666092945,3.0206540447504304,3.950086058519793,9.22
Maximilian Kilman,West Ham United,DEF,Defensive Core Players,1,,,0.0,0.03,60.0,0.0,0.01,55.8,0.04,392.4,0.9236690186016677,2.482360487491982,8.313021167415009,9.24
Merlin Röhl,Everton,MID,Defensive Core Players,1,,,0.13333333333333333,0.09,62.0,0.13333333333333333,0.05,87.4,0.14,113.0,3.3333333333333335,3.7333333333333334,2.0,9.07
Douglas Luiz Douglas Luiz,Aston Villa,MID,Defensive Core Players,1,,,0.09857612267250822,0.05,94.0,0.09857612267250822,0.14,294.3,0.19,201.6,2.168674698795181,5.125958378970427,3.055859802847755,10.35
David Møller Wolfe,Wolverhampton Wanderers,DEF,Defensive Core Players,1,,,0.0,0.01,46.0,0.1727447216890595,0.09,126.5,0.1,159.8,0.8637236084452975,2.2456813819577737,3.45489443378119,4.32
James Milner,Brighton & Hove Albion,MID,Defensive Core Players,1,,,0.11658031088082901,0.12,59.0,0.11658031088082901,0.08,151.4,0.2,139.0,1.7487046632124352,4.663212435233161,2.9145077720207255,9.33
Tosin Tosin,Chelsea FC,DEF,Defensive Core Players,1,,,0.0,0.01,19.0,0.0,0.05,33.3,0.06,240.4,1.9416243654822334,2.512690355329949,9.137055837563452,11.08
Ryan Yates,Nottingham Forest,MID,Defensive Core Players,1,,,0.0,0.07,55.0,0.29900332225913623,0.06,79.7,0.13,139.0,2.39202657807309,2.691029900332226,5.232558139534883,10.32
Bertrand Traoré,Sunderland,MID,Defensive Core Players,1,,,0.14195583596214512,0.07,135.0,0.14195583596214512,0.04,108.4,0.11,115.6,1.5615141955835963,2.555205047318612,1.5615141955835963,5.68
Victor Lindelöf,Aston Villa,DEF,Defensive Core Players,1,,,0.0,0.03,22.0,0.09554140127388534,0.01,36.6,0.04,167.8,0.6687898089171974,1.8152866242038217,4.490445859872612,5.16
Luke O'Nien,Sunderland,DEF,Defensive Core Players,1,,,0.0,0.02,40.0,0.1592920353982301,0.02,27.6,0.04,103.0,0.9557522123893806,1.592920353982301,5.893805309734513,6.85
Dilane Bakwa,Nottingham Forest,MID,Defensive Core Players,1,,,0.0,0.09,95.0,0.3278688524590164,0.17,178.8,0.26,86.4,0.6557377049180328,4.59016393442623,0.49180327868852464,5.74
Pablo Felipe Pablo,West Ham United,FWD,Defensive Core Players,1,,,0.0,0.12,108.0,0.10989010989010989,0.12,191.5,0.24,111.8,2.857142857142857,3.076923076923077,1.978021978021978,7.91
Lucas Lucas Pires,Burnley,DEF,Defensive Core Players,1,,,0.0,0.04,117.0,0.0,0.09,294.6,0.13,247.0,1.8576512455516014,5.508896797153025,4.099644128113879,5.96
Aaron Ramsdale,Newcastle United,GKP,Goalkeepers,2,,,0.0,0.0,0.0,0.0,0.0,10.0,0.0,212.8,0.0,7.98604187437687,0.897308075772682,0.0
Harrison Armstrong,Everton,MID,Defensive Core Players,1,,,0.0,0.14,78.0,0.0,0.04,69.7,0.18,60.0,2.232824427480916,4.122137404580153,2.232824427480916,8.59
Ollie Scarles,West Ham United,DEF,Defensive Core Players,1,,,0.0,0.02,22.0,0.13719512195121952,0.04,82.1,0.06,142.2,4.115853658536586,4.801829268292683,6.036585365853659,10.15
Chadi Chadi Riad,Crystal Palace,DEF,Defensive Core Players,1,,,0.0,0.05,41.0,0.16363636363636364,0.02,23.9,0.07,117.8,1.309090909090909,5.236363636363636,6.054545454545455,7.36
Antonín Kinsky,Tottenham Hotspur,GKP,Goalkeepers,2,,,0.0,0.0,0.0,0.0,0.0,0.0,0.0,102.6,0.0,4.714285714285714,1.4285714285714286,0.0
Jorrel Hato,Chelsea FC,DEF,Defensive Core Players,1,,,0.0,0.02,36.0,0.0,0.05,114.9,0.07,233.2,2.8446005267778753,3.9508340649692713,4.978050921861282,7.82
Radu Dragusin,Tottenham Hotspur,DEF,Defensive Core Players,1,,,0.0,0.05,27.0,0.0,0.0,3.2,0.05,130.6,0.8737864077669902,2.4466019417475726,12.233009708737864,13.11
Nathaniel Clyne,Crystal Palace,DEF,Defensive Core Players,1,,,0.0,0.07,33.0,0.15202702702702703,0.09,55.0,0.16,105.2,2.4324324324324325,2.5844594594594597,5.168918918918919,7.6
Marco M.Bizot,Aston Villa,GKP,Goalkeepers,2,,,0.0,0.0,0.0,0.0,0.0,0.0,0.0,139.2,0.0,8.153846153846153,1.5384615384615385,0.0
Angel Angel,Wolverhampton Wanderers,MID,Defensive Core Players,1,,,0.0,0.05,28.0,0.0,0.06,91.5,0.11,52.8,1.9693654266958425,3.3479212253829322,1.1816192560175056,6.5
Matt Doherty,Wolverhampton Wanderers,DEF,Defensive Core Players,1,,,0.0,0.01,20.0,0.0,0.02,51.1,0.03,132.4,1.8320610687022902,3.206106870229008,5.725190839694657,7.56
Jair Jair Cunha,Nottingham Forest,DEF,Defensive Core Players,1,,,0.0,0.05,29.0,0.0,0.01,15.2,0.06,98.0,1.575875486381323,2.2762645914396886,6.653696498054474,8.23
Altay Bayindir,Manchester United,GKP,Goalkeepers,2,,,0.0,0.0,0.0,0.0,0.01,10.0,0.01,118.4,0.0,6.5,1.1666666666666667,0.0
Benoît B.Badiashile,Chelsea FC,DEF,Defensive Core Players,1,,,0.0,0.0,2.0,0.0,0.01,7.9,0.01,102.8,1.3404255319148937,3.0638297872340425,7.8510638297872335,9.19
